Cement,Slag,FlyAsh,Water,SP,CoarseAgg,FineAgg,Age,Strength,WC_Ratio
540.0,0.0,0.0,162.0,2.5,1040.0,676.0,28,79.99,0.3
540.0,0.0,0.0,162.0,2.5,1055.0,676.0,28,61.89,0.3
332.5,142.5,0.0,228.0,0.0,932.0,594.0,270,40.27,0.6857142857142857
332.5,142.5,0.0,228.0,0.0,932.0,594.0,365,41.05,0.6857142857142857
198.6,132.4,0.0,192.0,0.0,978.4,825.5,360,44.3,0.9667673716012085
266.0,114.0,0.0,228.0,0.0,932.0,670.0,90,47.03,0.8571428571428571
380.0,95.0,0.0,228.0,0.0,932.0,594.0,365,43.7,0.6
380.0,95.0,0.0,228.0,0.0,932.0,594.0,28,36.45,0.6
266.0,114.0,0.0,228.0,0.0,932.0,670.0,28,45.85,0.8571428571428571
475.0,0.0,0.0,228.0,0.0,932.0,594.0,28,39.29,0.48
198.6,132.4,0.0,192.0,0.0,978.4,825.5,90,38.07,0.9667673716012085
198.6,132.4,0.0,192.0,0.0,978.4,825.5,28,28.02,0.9667673716012085
427.5,47.5,0.0,228.0,0.0,932.0,594.0,270,43.01,0.5333333333333333
190.0,190.0,0.0,228.0,0.0,932.0,670.0,90,42.33,1.2
304.0,76.0,0.0,228.0,0.0,932.0,670.0,28,47.81,0.75
380.0,0.0,0.0,228.0,0.0,932.0,670.0,90,52.91,0.6
139.6,209.4,0.0,192.0,0.0,1047.0,806.9,90,39.36,1.3753581661891119
342.0,38.0,0.0,228.0,0.0,932.0,670.0,365,56.14,0.6666666666666666
380.0,95.0,0.0,228.0,0.0,932.0,594.0,90,40.56,0.6
475.0,0.0,0.0,228.0,0.0,932.0,594.0,180,42.62,0.48
427.5,47.5,0.0,228.0,0.0,932.0,594.0,180,41.84,0.5333333333333333
139.6,209.4,0.0,192.0,0.0,1047.0,806.9,28,28.24,1.3753581661891119
139.6,209.4,0.0,192.0,0.0,1047.0,806.9,3,8.06,1.3753581661891119
139.6,209.4,0.0,192.0,0.0,1047.0,806.9,180,44.21,1.3753581661891119
380.0,0.0,0.0,228.0,0.0,932.0,670.0,365,52.52,0.6
380.0,0.0,0.0,228.0,0.0,932.0,670.0,270,53.3,0.6
380.0,95.0,0.0,228.0,0.0,932.0,594.0,270,41.15,0.6
342.0,38.0,0.0,228.0,0.0,932.0,670.0,180,52.12,0.6666666666666666
427.5,47.5,0.0,228.0,0.0,932.0,594.0,28,37.43,0.5333333333333333
475.0,0.0,0.0,228.0,0.0,932.0,594.0,7,38.6,0.48
304.0,76.0,0.0,228.0,0.0,932.0,670.0,365,55.26,0.75
266.0,114.0,0.0,228.0,0.0,932.0,670.0,365,52.91,0.8571428571428571
198.6,132.4,0.0,192.0,0.0,978.4,825.5,180,41.72,0.9667673716012085
475.0,0.0,0.0,228.0,0.0,932.0,594.0,270,42.13,0.48
190.0,190.0,0.0,228.0,0.0,932.0,670.0,365,53.69,1.2
237.5,237.5,0.0,228.0,0.0,932.0,594.0,270,38.41,0.96
237.5,237.5,0.0,228.0,0.0,932.0,594.0,28,30.08,0.96
332.5,142.5,0.0,228.0,0.0,932.0,594.0,90,37.72,0.6857142857142857
475.0,0.0,0.0,228.0,0.0,932.0,594.0,90,42.23,0.48
237.5,237.5,0.0,228.0,0.0,932.0,594.0,180,36.25,0.96
342.0,38.0,0.0,228.0,0.0,932.0,670.0,90,50.46,0.6666666666666666
427.5,47.5,0.0,228.0,0.0,932.0,594.0,365,43.7,0.5333333333333333
237.5,237.5,0.0,228.0,0.0,932.0,594.0,365,39.0,0.96
380.0,0.0,0.0,228.0,0.0,932.0,670.0,180,53.1,0.6
427.5,47.5,0.0,228.0,0.0,932.0,594.0,90,41.54,0.5333333333333333
427.5,47.5,0.0,228.0,0.0,932.0,594.0,7,35.08,0.5333333333333333
349.0,0.0,0.0,192.0,0.0,1047.0,806.9,3,15.05,0.5501432664756447
380.0,95.0,0.0,228.0,0.0,932.0,594.0,180,40.76,0.6
237.5,237.5,0.0,228.0,0.0,932.0,594.0,7,26.26,0.96
380.0,95.0,0.0,228.0,0.0,932.0,594.0,7,32.82,0.6
332.5,142.5,0.0,228.0,0.0,932.0,594.0,180,39.78,0.6857142857142857
190.0,190.0,0.0,228.0,0.0,932.0,670.0,180,46.93,1.2
237.5,237.5,0.0,228.0,0.0,932.0,594.0,90,33.12,0.96
304.0,76.0,0.0,228.0,0.0,932.0,670.0,90,49.19,0.75
139.6,209.4,0.0,192.0,0.0,1047.0,806.9,7,14.59,1.3753581661891119
198.6,132.4,0.0,192.0,0.0,978.4,825.5,7,14.64,0.9667673716012085
475.0,0.0,0.0,228.0,0.0,932.0,594.0,365,41.93,0.48
198.6,132.4,0.0,192.0,0.0,978.4,825.5,3,9.13,0.9667673716012085
304.0,76.0,0.0,228.0,0.0,932.0,670.0,180,50.95,0.75
332.5,142.5,0.0,228.0,0.0,932.0,594.0,28,33.02,0.6857142857142857
304.0,76.0,0.0,228.0,0.0,932.0,670.0,270,54.38,0.75
266.0,114.0,0.0,228.0,0.0,932.0,670.0,270,51.73,0.8571428571428571
310.0,0.0,0.0,192.0,0.0,971.0,850.6,3,9.87,0.6193548387096774
190.0,190.0,0.0,228.0,0.0,932.0,670.0,270,50.66,1.2
266.0,114.0,0.0,228.0,0.0,932.0,670.0,180,48.7,0.8571428571428571
342.0,38.0,0.0,228.0,0.0,932.0,670.0,270,55.06,0.6666666666666666
139.6,209.4,0.0,192.0,0.0,1047.0,806.9,360,44.7,1.3753581661891119
332.5,142.5,0.0,228.0,0.0,932.0,594.0,7,30.28,0.6857142857142857
190.0,190.0,0.0,228.0,0.0,932.0,670.0,28,40.86,1.2
485.0,0.0,0.0,146.0,0.0,1120.0,800.0,28,71.99,0.30103092783505153
374.0,189.2,0.0,170.1,10.1,926.1,756.7,3,34.4,0.4548128342245989
313.3,262.2,0.0,175.5,8.6,1046.9,611.8,3,28.8,0.5601659751037344
425.0,106.3,0.0,153.5,16.5,852.1,887.1,3,33.4,0.3611764705882353
425.0,106.3,0.0,151.4,18.6,936.0,803.7,3,36.3,0.3562352941176471
375.0,93.8,0.0,126.6,23.4,852.1,992.6,3,29.0,0.3376
475.0,118.8,0.0,181.1,8.9,852.1,781.5,3,37.8,0.3812631578947368
469.0,117.2,0.0,137.8,32.2,852.1,840.5,3,40.2,0.293816631130064
388.6,97.1,0.0,157.9,12.1,852.1,925.7,3,28.1,0.40633041688111166
531.3,0.0,0.0,141.8,28.2,852.1,893.7,3,41.3,0.26689252776209305
318.8,212.5,0.0,155.7,14.3,852.1,880.4,3,25.2,0.4883939774153073
401.8,94.7,0.0,147.4,11.4,946.8,852.1,3,41.1,0.3668491786958686
362.6,189.0,0.0,164.9,11.6,944.7,755.8,3,35.3,0.4547710976282405
323.7,282.8,0.0,183.8,10.3,942.7,659.9,3,28.3,0.5678097003398209
379.5,151.2,0.0,153.9,15.9,1134.3,605.0,3,28.6,0.40553359683794465
286.3,200.9,0.0,144.7,11.2,1004.6,803.7,3,24.4,0.505413901501921
439.0,177.0,0.0,186.0,11.1,884.9,707.9,3,39.3,0.42369020501138954
389.9,189.0,0.0,145.9,22.0,944.7,755.8,3,40.6,0.37419851243908697
337.9,189.0,0.0,174.9,9.5,944.7,755.8,3,24.1,0.5176087599881622
374.0,189.2,0.0,170.1,10.1,926.1,756.7,7,46.2,0.4548128342245989
313.3,262.2,0.0,175.5,8.6,1046.9,611.8,7,42.8,0.5601659751037344
425.0,106.3,0.0,153.5,16.5,852.1,887.1,7,49.2,0.3611764705882353
425.0,106.3,0.0,151.4,18.6,936.0,803.7,7,46.8,0.3562352941176471
375.0,93.8,0.0,126.6,23.4,852.1,992.6,7,45.7,0.3376
475.0,118.8,0.0,181.1,8.9,852.1,781.5,7,55.6,0.3812631578947368
469.0,117.2,0.0,137.8,32.2,852.1,840.5,7,54.9,0.293816631130064
388.6,97.1,0.0,157.9,12.1,852.1,925.7,7,34.9,0.40633041688111166
531.3,0.0,0.0,141.8,28.2,852.1,893.7,7,46.9,0.26689252776209305
318.8,212.5,0.0,155.7,14.3,852.1,880.4,7,33.4,0.4883939774153073
401.8,94.7,0.0,147.4,11.4,946.8,852.1,7,54.1,0.3668491786958686
362.6,189.0,0.0,164.9,11.6,944.7,755.8,7,55.9,0.4547710976282405
323.7,282.8,0.0,183.8,10.3,942.7,659.9,7,49.8,0.5678097003398209
379.5,151.2,0.0,153.9,15.9,1134.3,605.0,7,47.1,0.40553359683794465
286.3,200.9,0.0,144.7,11.2,1004.6,803.7,7,38.0,0.505413901501921
439.0,177.0,0.0,186.0,11.1,884.9,707.9,7,56.1,0.42369020501138954
389.9,189.0,0.0,145.9,22.0,944.7,755.8,7,59.09,0.37419851243908697
362.6,189.0,0.0,164.9,11.6,944.7,755.8,7,22.9,0.4547710976282405
337.9,189.0,0.0,174.9,9.5,944.7,755.8,7,35.1,0.5176087599881622
374.0,189.2,0.0,170.1,10.1,926.1,756.7,28,61.09,0.4548128342245989
313.3,262.2,0.0,175.5,8.6,1046.9,611.8,28,59.8,0.5601659751037344
425.0,106.3,0.0,153.5,16.5,852.1,887.1,28,60.29,0.3611764705882353
425.0,106.3,0.0,151.4,18.6,936.0,803.7,28,61.8,0.3562352941176471
375.0,93.8,0.0,126.6,23.4,852.1,992.6,28,56.7,0.3376
475.0,118.8,0.0,181.1,8.9,852.1,781.5,28,68.3,0.3812631578947368
469.0,117.2,0.0,137.8,32.2,852.1,840.5,28,66.9,0.293816631130064
388.6,97.1,0.0,157.9,12.1,852.1,925.7,28,50.7,0.40633041688111166
531.3,0.0,0.0,141.8,28.2,852.1,893.7,28,56.4,0.26689252776209305
318.8,212.5,0.0,155.7,14.3,852.1,880.4,28,55.5,0.4883939774153073
401.8,94.7,0.0,147.4,11.4,946.8,852.1,28,68.5,0.3668491786958686
362.6,189.0,0.0,164.9,11.6,944.7,755.8,28,71.3,0.4547710976282405
323.7,282.8,0.0,183.8,10.3,942.7,659.9,28,74.7,0.5678097003398209
379.5,151.2,0.0,153.9,15.9,1134.3,605.0,28,52.2,0.40553359683794465
286.3,200.9,0.0,144.7,11.2,1004.6,803.7,28,67.7,0.505413901501921
439.0,177.0,0.0,186.0,11.1,884.9,707.9,28,66.0,0.42369020501138954
389.9,189.0,0.0,145.9,22.0,944.7,755.8,28,74.5,0.37419851243908697
337.9,189.0,0.0,174.9,9.5,944.7,755.8,28,49.9,0.5176087599881622
374.0,189.2,0.0,170.1,10.1,926.1,756.7,56,63.4,0.4548128342245989
313.3,262.2,0.0,175.5,8.6,1046.9,611.8,56,64.9,0.5601659751037344
425.0,106.3,0.0,153.5,16.5,852.1,887.1,56,64.3,0.3611764705882353
425.0,106.3,0.0,151.4,18.6,936.0,803.7,56,64.9,0.3562352941176471
375.0,93.8,0.0,126.6,23.4,852.1,992.6,56,60.2,0.3376
475.0,118.8,0.0,181.1,8.9,852.1,781.5,56,72.3,0.3812631578947368
469.0,117.2,0.0,137.8,32.2,852.1,840.5,56,69.3,0.293816631130064
388.6,97.1,0.0,157.9,12.1,852.1,925.7,56,55.2,0.40633041688111166
531.3,0.0,0.0,141.8,28.2,852.1,893.7,56,58.8,0.26689252776209305
318.8,212.5,0.0,155.7,14.3,852.1,880.4,56,66.1,0.4883939774153073
401.8,94.7,0.0,147.4,11.4,946.8,852.1,56,73.7,0.3668491786958686
362.6,189.0,0.0,164.9,11.6,944.7,755.8,56,77.3,0.4547710976282405
323.7,282.8,0.0,183.8,10.3,942.7,659.9,56,80.2,0.5678097003398209
379.5,151.2,0.0,153.9,15.9,1134.3,605.0,56,54.9,0.40553359683794465
286.3,200.9,0.0,144.7,11.2,1004.6,803.7,56,72.99,0.505413901501921
439.0,177.0,0.0,186.0,11.1,884.9,707.9,56,71.7,0.42369020501138954
389.9,189.0,0.0,145.9,22.0,944.7,755.8,56,79.4,0.37419851243908697
337.9,189.0,0.0,174.9,9.5,944.7,755.8,56,59.89,0.5176087599881622
374.0,189.2,0.0,170.1,10.1,926.1,756.7,91,64.9,0.4548128342245989
313.3,262.2,0.0,175.5,8.6,1046.9,611.8,91,66.6,0.5601659751037344
425.0,106.3,0.0,153.5,16.5,852.1,887.1,91,65.2,0.3611764705882353
425.0,106.3,0.0,151.4,18.6,936.0,803.7,91,66.7,0.3562352941176471
375.0,93.8,0.0,126.6,23.4,852.1,992.6,91,62.5,0.3376
475.0,118.8,0.0,181.1,8.9,852.1,781.5,91,74.19,0.3812631578947368
469.0,117.2,0.0,137.8,32.2,852.1,840.5,91,70.7,0.293816631130064
388.6,97.1,0.0,157.9,12.1,852.1,925.7,91,57.6,0.40633041688111166
531.3,0.0,0.0,141.8,28.2,852.1,893.7,91,59.2,0.26689252776209305
318.8,212.5,0.0,155.7,14.3,852.1,880.4,91,68.1,0.4883939774153073
401.8,94.7,0.0,147.4,11.4,946.8,852.1,91,75.5,0.3668491786958686
362.6,189.0,0.0,164.9,11.6,944.7,755.8,91,79.3,0.4547710976282405
379.5,151.2,0.0,153.9,15.9,1134.3,605.0,91,56.5,0.40553359683794465
286.3,200.9,0.0,144.7,11.2,1004.6,803.7,91,76.8,0.505413901501921
439.0,177.0,0.0,186.0,11.1,884.9,707.9,91,73.3,0.42369020501138954
389.9,189.0,0.0,145.9,22.0,944.7,755.8,91,82.6,0.37419851243908697
337.9,189.0,0.0,174.9,9.5,944.7,755.8,91,67.8,0.5176087599881622
222.4,0.0,96.7,189.3,4.5,967.1,870.3,3,11.58,0.8511690647482014
222.4,0.0,96.7,189.3,4.5,967.1,870.3,14,24.45,0.8511690647482014
222.4,0.0,96.7,189.3,4.5,967.1,870.3,28,24.89,0.8511690647482014
222.4,0.0,96.7,189.3,4.5,967.1,870.3,56,29.45,0.8511690647482014
222.4,0.0,96.7,189.3,4.5,967.1,870.3,100,40.71,0.8511690647482014
233.8,0.0,94.6,197.9,4.6,947.0,852.2,3,10.38,0.8464499572284003
233.8,0.0,94.6,197.9,4.6,947.0,852.2,14,22.14,0.8464499572284003
233.8,0.0,94.6,197.9,4.6,947.0,852.2,28,22.84,0.8464499572284003
233.8,0.0,94.6,197.9,4.6,947.0,852.2,56,27.66,0.8464499572284003
233.8,0.0,94.6,197.9,4.6,947.0,852.2,100,34.56,0.8464499572284003
194.7,0.0,100.5,165.6,7.5,1006.4,905.9,3,12.45,0.8505392912172574
194.7,0.0,100.5,165.6,7.5,1006.4,905.9,14,24.99,0.8505392912172574
194.7,0.0,100.5,165.6,7.5,1006.4,905.9,28,25.72,0.8505392912172574
194.7,0.0,100.5,165.6,7.5,1006.4,905.9,56,33.96,0.8505392912172574
194.7,0.0,100.5,165.6,7.5,1006.4,905.9,100,37.34,0.8505392912172574
190.7,0.0,125.4,162.1,7.8,1090.0,804.0,3,15.04,0.8500262191924489
190.7,0.0,125.4,162.1,7.8,1090.0,804.0,14,21.06,0.8500262191924489
190.7,0.0,125.4,162.1,7.8,1090.0,804.0,28,26.4,0.8500262191924489
190.7,0.0,125.4,162.1,7.8,1090.0,804.0,56,35.34,0.8500262191924489
190.7,0.0,125.4,162.1,7.8,1090.0,804.0,100,40.57,0.8500262191924489
212.1,0.0,121.6,180.3,5.7,1057.6,779.3,3,12.47,0.8500707213578501
212.1,0.0,121.6,180.3,5.7,1057.6,779.3,14,20.92,0.8500707213578501
212.1,0.0,121.6,180.3,5.7,1057.6,779.3,28,24.9,0.8500707213578501
212.1,0.0,121.6,180.3,5.7,1057.6,779.3,56,34.2,0.8500707213578501
212.1,0.0,121.6,180.3,5.7,1057.6,779.3,100,39.61,0.8500707213578501
230.0,0.0,118.3,195.5,4.6,1029.4,758.6,3,10.03,0.85
230.0,0.0,118.3,195.5,4.6,1029.4,758.6,14,20.08,0.85
230.0,0.0,118.3,195.5,4.6,1029.4,758.6,28,24.48,0.85
230.0,0.0,118.3,195.5,4.6,1029.4,758.6,56,31.54,0.85
230.0,0.0,118.3,195.5,4.6,1029.4,758.6,100,35.34,0.85
190.3,0.0,125.2,161.9,9.9,1088.1,802.6,3,9.45,0.8507619548081976
190.3,0.0,125.2,161.9,9.9,1088.1,802.6,14,22.72,0.8507619548081976
190.3,0.0,125.2,161.9,9.9,1088.1,802.6,28,28.47,0.8507619548081976
190.3,0.0,125.2,161.9,9.9,1088.1,802.6,56,38.56,0.8507619548081976
190.3,0.0,125.2,161.9,9.9,1088.1,802.6,100,40.39,0.8507619548081976
166.1,0.0,163.3,176.5,4.5,1058.6,780.1,3,10.76,1.062612883804937
166.1,0.0,163.3,176.5,4.5,1058.6,780.1,14,25.48,1.062612883804937
166.1,0.0,163.3,176.5,4.5,1058.6,780.1,28,21.54,1.062612883804937
166.1,0.0,163.3,176.5,4.5,1058.6,780.1,56,28.63,1.062612883804937
166.1,0.0,163.3,176.5,4.5,1058.6,780.1,100,33.54,1.062612883804937
168.0,42.1,163.8,121.8,5.7,1058.7,780.1,3,7.75,0.725
168.0,42.1,163.8,121.8,5.7,1058.7,780.1,14,17.82,0.725
168.0,42.1,163.8,121.8,5.7,1058.7,780.1,28,24.24,0.725
168.0,42.1,163.8,121.8,5.7,1058.7,780.1,56,32.85,0.725
168.0,42.1,163.8,121.8,5.7,1058.7,780.1,100,39.23,0.725
213.7,98.1,24.5,181.7,6.9,1065.8,785.4,3,18.0,0.8502573701450632
213.7,98.1,24.5,181.7,6.9,1065.8,785.4,14,30.39,0.8502573701450632
213.7,98.1,24.5,181.7,6.9,1065.8,785.4,28,45.71,0.8502573701450632
213.7,98.1,24.5,181.7,6.9,1065.8,785.4,56,50.77,0.8502573701450632
213.7,98.1,24.5,181.7,6.9,1065.8,785.4,100,53.9,0.8502573701450632
213.8,98.1,24.5,181.7,6.7,1066.0,785.5,3,13.18,0.8498596819457436
213.8,98.1,24.5,181.7,6.7,1066.0,785.5,14,17.84,0.8498596819457436
213.8,98.1,24.5,181.7,6.7,1066.0,785.5,28,40.23,0.8498596819457436
213.8,98.1,24.5,181.7,6.7,1066.0,785.5,56,47.13,0.8498596819457436
213.8,98.1,24.5,181.7,6.7,1066.0,785.5,100,49.97,0.8498596819457436
229.7,0.0,118.2,195.2,6.1,1028.1,757.6,3,13.36,0.8498040922942969
229.7,0.0,118.2,195.2,6.1,1028.1,757.6,14,22.32,0.8498040922942969
229.7,0.0,118.2,195.2,6.1,1028.1,757.6,28,24.54,0.8498040922942969
229.7,0.0,118.2,195.2,6.1,1028.1,757.6,56,31.35,0.8498040922942969
229.7,0.0,118.2,195.2,6.1,1028.1,757.6,100,40.86,0.8498040922942969
238.1,0.0,94.1,186.7,7.0,949.9,847.0,3,19.93,0.7841243175136497
238.1,0.0,94.1,186.7,7.0,949.9,847.0,14,25.69,0.7841243175136497
238.1,0.0,94.1,186.7,7.0,949.9,847.0,28,30.23,0.7841243175136497
238.1,0.0,94.1,186.7,7.0,949.9,847.0,56,39.59,0.7841243175136497
238.1,0.0,94.1,186.7,7.0,949.9,847.0,100,44.3,0.7841243175136497
250.0,0.0,95.7,187.4,5.5,956.9,861.2,3,13.82,0.7496
250.0,0.0,95.7,187.4,5.5,956.9,861.2,14,24.92,0.7496
250.0,0.0,95.7,187.4,5.5,956.9,861.2,28,29.22,0.7496
250.0,0.0,95.7,187.4,5.5,956.9,861.2,56,38.33,0.7496
250.0,0.0,95.7,187.4,5.5,956.9,861.2,100,42.35,0.7496
212.5,0.0,100.4,159.3,8.7,1007.8,903.6,3,13.54,0.7496470588235294
212.5,0.0,100.4,159.3,8.7,1007.8,903.6,14,26.31,0.7496470588235294
212.5,0.0,100.4,159.3,8.7,1007.8,903.6,28,31.64,0.7496470588235294
212.5,0.0,100.4,159.3,8.7,1007.8,903.6,56,42.55,0.7496470588235294
212.5,0.0,100.4,159.3,8.7,1007.8,903.6,100,42.92,0.7496470588235294
212.6,0.0,100.4,159.4,10.4,1003.8,903.8,3,13.33,0.7497648165569144
212.6,0.0,100.4,159.4,10.4,1003.8,903.8,14,25.37,0.7497648165569144
212.6,0.0,100.4,159.4,10.4,1003.8,903.8,28,37.4,0.7497648165569144
212.6,0.0,100.4,159.4,10.4,1003.8,903.8,56,44.4,0.7497648165569144
212.6,0.0,100.4,159.4,10.4,1003.8,903.8,100,47.74,0.7497648165569144
212.0,0.0,124.8,159.0,7.8,1085.4,799.5,3,19.52,0.75
212.0,0.0,124.8,159.0,7.8,1085.4,799.5,14,31.35,0.75
212.0,0.0,124.8,159.0,7.8,1085.4,799.5,28,38.5,0.75
212.0,0.0,124.8,159.0,7.8,1085.4,799.5,56,45.08,0.75
212.0,0.0,124.8,159.0,7.8,1085.4,799.5,100,47.82,0.75
231.8,0.0,121.6,174.0,6.7,1056.4,778.5,3,15.44,0.7506471095772217
231.8,0.0,121.6,174.0,6.7,1056.4,778.5,14,26.77,0.7506471095772217
231.8,0.0,121.6,174.0,6.7,1056.4,778.5,28,33.73,0.7506471095772217
231.8,0.0,121.6,174.0,6.7,1056.4,778.5,56,42.7,0.7506471095772217
231.8,0.0,121.6,174.0,6.7,1056.4,778.5,100,45.84,0.7506471095772217
251.4,0.0,118.3,188.5,5.8,1028.4,757.7,3,17.22,0.7498011137629276
251.4,0.0,118.3,188.5,5.8,1028.4,757.7,14,29.93,0.7498011137629276
251.4,0.0,118.3,188.5,5.8,1028.4,757.7,28,29.65,0.7498011137629276
251.4,0.0,118.3,188.5,5.8,1028.4,757.7,56,36.97,0.7498011137629276
251.4,0.0,118.3,188.5,5.8,1028.4,757.7,100,43.58,0.7498011137629276
251.4,0.0,118.3,188.5,6.4,1028.4,757.7,3,13.12,0.7498011137629276
251.4,0.0,118.3,188.5,6.4,1028.4,757.7,14,24.43,0.7498011137629276
251.4,0.0,118.3,188.5,6.4,1028.4,757.7,28,32.66,0.7498011137629276
251.4,0.0,118.3,188.5,6.4,1028.4,757.7,56,36.64,0.7498011137629276
251.4,0.0,118.3,188.5,6.4,1028.4,757.7,100,44.21,0.7498011137629276
181.4,0.0,167.0,169.6,7.6,1055.6,777.8,3,13.62,0.9349503858875413
181.4,0.0,167.0,169.6,7.6,1055.6,777.8,14,21.6,0.9349503858875413
181.4,0.0,167.0,169.6,7.6,1055.6,777.8,28,27.77,0.9349503858875413
181.4,0.0,167.0,169.6,7.6,1055.6,777.8,56,35.57,0.9349503858875413
181.4,0.0,167.0,169.6,7.6,1055.6,777.8,100,45.37,0.9349503858875413
182.0,45.2,122.0,170.2,8.2,1059.4,780.7,3,7.32,0.9351648351648351
182.0,45.2,122.0,170.2,8.2,1059.4,780.7,14,21.5,0.9351648351648351
182.0,45.2,122.0,170.2,8.2,1059.4,780.7,28,31.27,0.9351648351648351
182.0,45.2,122.0,170.2,8.2,1059.4,780.7,56,43.5,0.9351648351648351
182.0,45.2,122.0,170.2,8.2,1059.4,780.7,100,48.67,0.9351648351648351
168.9,42.2,124.3,158.3,10.8,1080.8,796.2,3,7.4,0.9372409709887508
168.9,42.2,124.3,158.3,10.8,1080.8,796.2,14,23.51,0.9372409709887508
168.9,42.2,124.3,158.3,10.8,1080.8,796.2,28,31.12,0.9372409709887508
168.9,42.2,124.3,158.3,10.8,1080.8,796.2,56,39.15,0.9372409709887508
168.9,42.2,124.3,158.3,10.8,1080.8,796.2,100,48.15,0.9372409709887508
290.4,0.0,96.2,168.1,9.4,961.2,865.0,3,22.5,0.5788567493112948
290.4,0.0,96.2,168.1,9.4,961.2,865.0,14,34.67,0.5788567493112948
290.4,0.0,96.2,168.1,9.4,961.2,865.0,28,34.74,0.5788567493112948
290.4,0.0,96.2,168.1,9.4,961.2,865.0,56,45.08,0.5788567493112948
290.4,0.0,96.2,168.1,9.4,961.2,865.0,100,48.97,0.5788567493112948
277.1,0.0,97.4,160.6,11.8,973.9,875.6,3,23.14,0.5795741609527246
277.1,0.0,97.4,160.6,11.8,973.9,875.6,14,41.89,0.5795741609527246
277.1,0.0,97.4,160.6,11.8,973.9,875.6,28,48.28,0.5795741609527246
277.1,0.0,97.4,160.6,11.8,973.9,875.6,56,51.04,0.5795741609527246
277.1,0.0,97.4,160.6,11.8,973.9,875.6,100,55.64,0.5795741609527246
295.7,0.0,95.6,171.5,8.9,955.1,859.2,3,22.95,0.579979709164694
295.7,0.0,95.6,171.5,8.9,955.1,859.2,14,35.23,0.579979709164694
295.7,0.0,95.6,171.5,8.9,955.1,859.2,28,39.94,0.579979709164694
295.7,0.0,95.6,171.5,8.9,955.1,859.2,56,48.72,0.579979709164694
295.7,0.0,95.6,171.5,8.9,955.1,859.2,100,52.04,0.579979709164694
251.8,0.0,99.9,146.1,12.4,1006.0,899.8,3,21.02,0.58022239872915
251.8,0.0,99.9,146.1,12.4,1006.0,899.8,14,33.36,0.58022239872915
251.8,0.0,99.9,146.1,12.4,1006.0,899.8,28,33.94,0.58022239872915
251.8,0.0,99.9,146.1,12.4,1006.0,899.8,56,44.14,0.58022239872915
251.8,0.0,99.9,146.1,12.4,1006.0,899.8,100,45.37,0.58022239872915
249.1,0.0,98.8,158.1,12.8,987.8,889.0,3,15.36,0.6346848655158571
249.1,0.0,98.8,158.1,12.8,987.8,889.0,14,28.68,0.6346848655158571
249.1,0.0,98.8,158.1,12.8,987.8,889.0,28,30.85,0.6346848655158571
249.1,0.0,98.8,158.1,12.8,987.8,889.0,56,42.03,0.6346848655158571
249.1,0.0,98.8,158.1,12.8,987.8,889.0,100,51.06,0.6346848655158571
252.3,0.0,98.8,146.3,14.2,987.8,889.0,3,21.78,0.5798652397938961
252.3,0.0,98.8,146.3,14.2,987.8,889.0,14,42.29,0.5798652397938961
252.3,0.0,98.8,146.3,14.2,987.8,889.0,28,50.6,0.5798652397938961
252.3,0.0,98.8,146.3,14.2,987.8,889.0,56,55.83,0.5798652397938961
252.3,0.0,98.8,146.3,14.2,987.8,889.0,100,60.95,0.5798652397938961
246.8,0.0,125.1,143.3,12.0,1086.8,800.9,3,23.52,0.5806320907617504
246.8,0.0,125.1,143.3,12.0,1086.8,800.9,14,42.22,0.5806320907617504
246.8,0.0,125.1,143.3,12.0,1086.8,800.9,28,52.5,0.5806320907617504
246.8,0.0,125.1,143.3,12.0,1086.8,800.9,56,60.32,0.5806320907617504
246.8,0.0,125.1,143.3,12.0,1086.8,800.9,100,66.42,0.5806320907617504
275.1,0.0,121.4,159.5,9.9,1053.6,777.5,3,23.8,0.5797891675754271
275.1,0.0,121.4,159.5,9.9,1053.6,777.5,14,38.77,0.5797891675754271
275.1,0.0,121.4,159.5,9.9,1053.6,777.5,28,51.33,0.5797891675754271
275.1,0.0,121.4,159.5,9.9,1053.6,777.5,56,56.85,0.5797891675754271
275.1,0.0,121.4,159.5,9.9,1053.6,777.5,100,58.61,0.5797891675754271
297.2,0.0,117.5,174.8,9.5,1022.8,753.5,3,21.91,0.588156123822342
297.2,0.0,117.5,174.8,9.5,1022.8,753.5,14,36.99,0.588156123822342
297.2,0.0,117.5,174.8,9.5,1022.8,753.5,28,47.4,0.588156123822342
297.2,0.0,117.5,174.8,9.5,1022.8,753.5,56,51.96,0.588156123822342
297.2,0.0,117.5,174.8,9.5,1022.8,753.5,100,56.74,0.588156123822342
213.7,0.0,174.7,154.8,10.2,1053.5,776.4,3,17.57,0.724379971923257
213.7,0.0,174.7,154.8,10.2,1053.5,776.4,14,33.73,0.724379971923257
213.7,0.0,174.7,154.8,10.2,1053.5,776.4,28,40.15,0.724379971923257
213.7,0.0,174.7,154.8,10.2,1053.5,776.4,56,46.64,0.724379971923257
213.7,0.0,174.7,154.8,10.2,1053.5,776.4,100,50.08,0.724379971923257
213.5,0.0,174.2,154.6,11.7,1052.3,775.5,3,17.37,0.7241217798594848
213.5,0.0,174.2,154.6,11.7,1052.3,775.5,14,33.7,0.7241217798594848
213.5,0.0,174.2,154.6,11.7,1052.3,775.5,28,45.94,0.7241217798594848
213.5,0.0,174.2,154.6,11.7,1052.3,775.5,56,51.43,0.7241217798594848
213.5,0.0,174.2,154.6,11.7,1052.3,775.5,100,59.3,0.7241217798594848
277.2,97.8,24.5,160.7,11.2,1061.7,782.5,3,30.45,0.5797258297258298
277.2,97.8,24.5,160.7,11.2,1061.7,782.5,14,47.71,0.5797258297258298
277.2,97.8,24.5,160.7,11.2,1061.7,782.5,28,63.14,0.5797258297258298
277.2,97.8,24.5,160.7,11.2,1061.7,782.5,56,66.82,0.5797258297258298
277.2,97.8,24.5,160.7,11.2,1061.7,782.5,100,66.95,0.5797258297258298
218.2,54.6,123.8,140.8,11.9,1075.7,792.7,3,27.42,0.6452795600366636
218.2,54.6,123.8,140.8,11.9,1075.7,792.7,14,35.96,0.6452795600366636
218.2,54.6,123.8,140.8,11.9,1075.7,792.7,28,55.51,0.6452795600366636
218.2,54.6,123.8,140.8,11.9,1075.7,792.7,56,61.99,0.6452795600366636
218.2,54.6,123.8,140.8,11.9,1075.7,792.7,100,63.53,0.6452795600366636
214.9,53.8,121.9,155.6,9.6,1014.3,780.6,3,18.02,0.7240577012563982
214.9,53.8,121.9,155.6,9.6,1014.3,780.6,14,38.6,0.7240577012563982
214.9,53.8,121.9,155.6,9.6,1014.3,780.6,28,52.2,0.7240577012563982
214.9,53.8,121.9,155.6,9.6,1014.3,780.6,56,53.96,0.7240577012563982
214.9,53.8,121.9,155.6,9.6,1014.3,780.6,100,56.63,0.7240577012563982
218.9,0.0,124.1,158.5,11.3,1078.7,794.9,3,15.34,0.7240749200548195
218.9,0.0,124.1,158.5,11.3,1078.7,794.9,14,26.05,0.7240749200548195
218.9,0.0,124.1,158.5,11.3,1078.7,794.9,28,30.22,0.7240749200548195
218.9,0.0,124.1,158.5,11.3,1078.7,794.9,56,37.27,0.7240749200548195
218.9,0.0,124.1,158.5,11.3,1078.7,794.9,100,46.23,0.7240749200548195
376.0,0.0,0.0,214.6,0.0,1003.5,762.4,3,16.28,0.5707446808510638
376.0,0.0,0.0,214.6,0.0,1003.5,762.4,14,25.62,0.5707446808510638
376.0,0.0,0.0,214.6,0.0,1003.5,762.4,28,31.97,0.5707446808510638
376.0,0.0,0.0,214.6,0.0,1003.5,762.4,56,36.3,0.5707446808510638
376.0,0.0,0.0,214.6,0.0,1003.5,762.4,100,43.06,0.5707446808510638
500.0,0.0,0.0,140.0,4.0,966.0,853.0,28,67.57,0.28
475.0,0.0,59.0,142.0,1.9,1098.0,641.0,28,57.23,0.29894736842105263
315.0,137.0,0.0,145.0,5.9,1130.0,745.0,28,81.75,0.4603174603174603
505.0,0.0,60.0,195.0,0.0,1030.0,630.0,28,64.02,0.38613861386138615
451.0,0.0,0.0,165.0,11.3,1030.0,745.0,28,78.8,0.36585365853658536
516.0,0.0,0.0,162.0,8.2,801.0,802.0,28,41.37,0.313953488372093
520.0,0.0,0.0,170.0,5.2,855.0,855.0,28,60.28,0.3269230769230769
528.0,0.0,0.0,185.0,6.9,920.0,720.0,28,56.83,0.3503787878787879
520.0,0.0,0.0,175.0,5.2,870.0,805.0,28,51.02,0.33653846153846156
385.0,0.0,136.0,158.0,20.0,903.0,768.0,28,55.55,0.4103896103896104
500.1,0.0,0.0,200.0,3.0,1124.4,613.2,28,44.13,0.3999200159968006
450.1,50.0,0.0,200.0,3.0,1124.4,613.2,28,39.38,0.44434570095534326
397.0,17.2,158.0,167.0,20.8,967.0,633.0,28,55.65,0.42065491183879095
333.0,17.5,163.0,167.0,17.9,996.0,652.0,28,47.28,0.5015015015015015
334.0,17.6,158.0,189.0,15.3,967.0,633.0,28,44.33,0.5658682634730539
405.0,0.0,0.0,175.0,0.0,1120.0,695.0,28,52.3,0.43209876543209874
200.0,200.0,0.0,190.0,0.0,1145.0,660.0,28,49.25,0.95
516.0,0.0,0.0,162.0,8.3,801.0,802.0,28,41.37,0.313953488372093
145.0,116.0,119.0,184.0,5.7,833.0,880.0,28,29.16,1.2689655172413794
160.0,128.0,122.0,182.0,6.4,824.0,879.0,28,39.4,1.1375
234.0,156.0,0.0,189.0,5.9,981.0,760.0,28,39.3,0.8076923076923077
250.0,180.0,95.0,159.0,9.5,860.0,800.0,28,67.87,0.636
475.0,0.0,0.0,162.0,9.5,1044.0,662.0,28,58.52,0.3410526315789474
285.0,190.0,0.0,163.0,7.6,1031.0,685.0,28,53.58,0.5719298245614035
356.0,119.0,0.0,160.0,9.0,1061.0,657.0,28,59.0,0.449438202247191
275.0,180.0,120.0,162.0,10.4,830.0,765.0,28,76.24,0.5890909090909091
500.0,0.0,0.0,151.0,9.0,1033.0,655.0,28,69.84,0.302
165.0,0.0,143.6,163.8,0.0,1005.6,900.9,3,14.4,0.9927272727272728
165.0,128.5,132.1,175.1,8.1,1005.8,746.6,3,19.42,1.0612121212121213
178.0,129.8,118.6,179.9,3.6,1007.3,746.8,3,20.73,1.0106741573033708
167.4,129.9,128.6,175.5,7.8,1006.3,746.6,3,14.94,1.0483870967741935
172.4,13.6,172.4,156.8,4.1,1006.3,856.4,3,21.29,0.9095127610208817
173.5,50.1,173.5,164.8,6.5,1006.2,793.5,3,23.08,0.94985590778098
167.0,75.4,167.0,164.0,7.9,1007.3,770.1,3,15.52,0.9820359281437125
173.8,93.4,159.9,172.3,9.7,1007.2,746.6,3,15.82,0.9913693901035673
190.3,0.0,125.2,166.6,9.9,1079.0,798.9,3,12.55,0.8754598003152916
250.0,0.0,95.7,191.8,5.3,948.9,857.2,3,8.49,0.7672
213.5,0.0,174.2,159.2,11.7,1043.6,771.9,3,15.61,0.7456674473067915
194.7,0.0,100.5,170.2,7.5,998.0,901.8,3,12.18,0.8741653826399589
251.4,0.0,118.3,192.9,5.8,1043.6,754.3,3,11.98,0.7673031026252983
165.0,0.0,143.6,163.8,0.0,1005.6,900.9,14,16.88,0.9927272727272728
165.0,128.5,132.1,175.1,8.1,1005.8,746.6,14,33.09,1.0612121212121213
178.0,129.8,118.6,179.9,3.6,1007.3,746.8,14,34.24,1.0106741573033708
167.4,129.9,128.6,175.5,7.8,1006.3,746.6,14,31.81,1.0483870967741935
172.4,13.6,172.4,156.8,4.1,1006.3,856.4,14,29.75,0.9095127610208817
173.5,50.1,173.5,164.8,6.5,1006.2,793.5,14,33.01,0.94985590778098
167.0,75.4,167.0,164.0,7.9,1007.3,770.1,14,32.9,0.9820359281437125
173.8,93.4,159.9,172.3,9.7,1007.2,746.6,14,29.55,0.9913693901035673
190.3,0.0,125.2,166.6,9.9,1079.0,798.9,14,19.42,0.8754598003152916
250.0,0.0,95.7,191.8,5.3,948.9,857.2,14,24.66,0.7672
213.5,0.0,174.2,159.2,11.7,1043.6,771.9,14,29.59,0.7456674473067915
194.7,0.0,100.5,170.2,7.5,998.0,901.8,14,24.28,0.8741653826399589
251.4,0.0,118.3,192.9,5.8,1043.6,754.3,14,20.73,0.7673031026252983
165.0,0.0,143.6,163.8,0.0,1005.6,900.9,28,26.2,0.9927272727272728
165.0,128.5,132.1,175.1,8.1,1005.8,746.6,28,46.39,1.0612121212121213
178.0,129.8,118.6,179.9,3.6,1007.3,746.8,28,39.16,1.0106741573033708
167.4,129.9,128.6,175.5,7.8,1006.3,746.6,28,41.2,1.0483870967741935
172.4,13.6,172.4,156.8,4.1,1006.3,856.4,28,33.69,0.9095127610208817
173.5,50.1,173.5,164.8,6.5,1006.2,793.5,28,38.2,0.94985590778098
167.0,75.4,167.0,164.0,7.9,1007.3,770.1,28,41.41,0.9820359281437125
173.8,93.4,159.9,172.3,9.7,1007.2,746.6,28,37.81,0.9913693901035673
190.3,0.0,125.2,166.6,9.9,1079.0,798.9,28,24.85,0.8754598003152916
250.0,0.0,95.7,191.8,5.3,948.9,857.2,28,27.22,0.7672
213.5,0.0,174.2,159.2,11.7,1043.6,771.9,28,44.64,0.7456674473067915
194.7,0.0,100.5,170.2,7.5,998.0,901.8,28,37.27,0.8741653826399589
251.4,0.0,118.3,192.9,5.8,1043.6,754.3,28,33.27,0.7673031026252983
165.0,0.0,143.6,163.8,0.0,1005.6,900.9,56,36.56,0.9927272727272728
165.0,128.5,132.1,175.1,8.1,1005.8,746.6,56,53.72,1.0612121212121213
178.0,129.8,118.6,179.9,3.6,1007.3,746.8,56,48.59,1.0106741573033708
167.4,129.9,128.6,175.5,7.8,1006.3,746.6,56,51.72,1.0483870967741935
172.4,13.6,172.4,156.8,4.1,1006.3,856.4,56,35.85,0.9095127610208817
173.5,50.1,173.5,164.8,6.5,1006.2,793.5,56,53.77,0.94985590778098
167.0,75.4,167.0,164.0,7.9,1007.3,770.1,56,53.46,0.9820359281437125
173.8,93.4,159.9,172.3,9.7,1007.2,746.6,56,48.99,0.9913693901035673
190.3,0.0,125.2,166.6,9.9,1079.0,798.9,56,31.72,0.8754598003152916
250.0,0.0,95.7,191.8,5.3,948.9,857.2,56,39.64,0.7672
213.5,0.0,174.2,159.2,11.7,1043.6,771.9,56,51.26,0.7456674473067915
194.7,0.0,100.5,170.2,7.5,998.0,901.8,56,43.39,0.8741653826399589
251.4,0.0,118.3,192.9,5.8,1043.6,754.3,56,39.27,0.7673031026252983
165.0,0.0,143.6,163.8,0.0,1005.6,900.9,100,37.96,0.9927272727272728
165.0,128.5,132.1,175.1,8.1,1005.8,746.6,100,55.02,1.0612121212121213
178.0,129.8,118.6,179.9,3.6,1007.3,746.8,100,49.99,1.0106741573033708
167.4,129.9,128.6,175.5,7.8,1006.3,746.6,100,53.66,1.0483870967741935
172.4,13.6,172.4,156.8,4.1,1006.3,856.4,100,37.68,0.9095127610208817
173.5,50.1,173.5,164.8,6.5,1006.2,793.5,100,56.06,0.94985590778098
167.0,75.4,167.0,164.0,7.9,1007.3,770.1,100,56.81,0.9820359281437125
173.8,93.4,159.9,172.3,9.7,1007.2,746.6,100,50.94,0.9913693901035673
190.3,0.0,125.2,166.6,9.9,1079.0,798.9,100,33.56,0.8754598003152916
250.0,0.0,95.7,191.8,5.3,948.9,857.2,100,41.16,0.7672
213.5,0.0,174.2,159.2,11.7,1043.6,771.9,100,52.96,0.7456674473067915
194.7,0.0,100.5,170.2,7.5,998.0,901.8,100,44.28,0.8741653826399589
251.4,0.0,118.3,192.9,5.8,1043.6,754.3,100,40.15,0.7673031026252983
446.0,24.0,79.0,162.0,11.6,967.0,712.0,28,57.03,0.3632286995515695
446.0,24.0,79.0,162.0,11.6,967.0,712.0,28,44.42,0.3632286995515695
446.0,24.0,79.0,162.0,11.6,967.0,712.0,28,51.02,0.3632286995515695
446.0,24.0,79.0,162.0,10.3,967.0,712.0,28,53.39,0.3632286995515695
446.0,24.0,79.0,162.0,11.6,967.0,712.0,3,35.36,0.3632286995515695
446.0,24.0,79.0,162.0,11.6,967.0,712.0,3,25.02,0.3632286995515695
446.0,24.0,79.0,162.0,11.6,967.0,712.0,3,23.35,0.3632286995515695
446.0,24.0,79.0,162.0,11.6,967.0,712.0,7,52.01,0.3632286995515695
446.0,24.0,79.0,162.0,11.6,967.0,712.0,7,38.02,0.3632286995515695
446.0,24.0,79.0,162.0,11.6,967.0,712.0,7,39.3,0.3632286995515695
446.0,24.0,79.0,162.0,11.6,967.0,712.0,56,61.07,0.3632286995515695
446.0,24.0,79.0,162.0,11.6,967.0,712.0,56,56.14,0.3632286995515695
446.0,24.0,79.0,162.0,11.6,967.0,712.0,56,55.25,0.3632286995515695
446.0,24.0,79.0,162.0,10.3,967.0,712.0,56,54.77,0.3632286995515695
387.0,20.0,94.0,157.0,14.3,938.0,845.0,28,50.24,0.40568475452196384
387.0,20.0,94.0,157.0,13.9,938.0,845.0,28,46.68,0.40568475452196384
387.0,20.0,94.0,157.0,11.6,938.0,845.0,28,46.68,0.40568475452196384
387.0,20.0,94.0,157.0,14.3,938.0,845.0,3,22.75,0.40568475452196384
387.0,20.0,94.0,157.0,13.9,938.0,845.0,3,25.51,0.40568475452196384
387.0,20.0,94.0,157.0,11.6,938.0,845.0,3,34.77,0.40568475452196384
387.0,20.0,94.0,157.0,14.3,938.0,845.0,7,36.84,0.40568475452196384
387.0,20.0,94.0,157.0,13.9,938.0,845.0,7,45.9,0.40568475452196384
387.0,20.0,94.0,157.0,11.6,938.0,845.0,7,41.67,0.40568475452196384
387.0,20.0,94.0,157.0,14.3,938.0,845.0,56,56.34,0.40568475452196384
387.0,20.0,94.0,157.0,13.9,938.0,845.0,56,47.97,0.40568475452196384
387.0,20.0,94.0,157.0,11.6,938.0,845.0,56,61.46,0.40568475452196384
355.0,19.0,97.0,145.0,13.1,967.0,871.0,28,44.03,0.4084507042253521
355.0,19.0,97.0,145.0,12.3,967.0,871.0,28,55.45,0.4084507042253521
491.0,26.0,123.0,210.0,3.9,882.0,699.0,28,55.55,0.42769857433808556
491.0,26.0,123.0,201.0,3.9,822.0,699.0,28,57.92,0.4093686354378819
491.0,26.0,123.0,210.0,3.9,882.0,699.0,3,25.61,0.42769857433808556
491.0,26.0,123.0,210.0,3.9,882.0,699.0,7,33.49,0.42769857433808556
491.0,26.0,123.0,210.0,3.9,882.0,699.0,56,59.59,0.42769857433808556
491.0,26.0,123.0,201.0,3.9,822.0,699.0,3,29.55,0.4093686354378819
491.0,26.0,123.0,201.0,3.9,822.0,699.0,7,37.92,0.4093686354378819
491.0,26.0,123.0,201.0,3.9,822.0,699.0,56,61.86,0.4093686354378819
424.0,22.0,132.0,178.0,8.5,822.0,750.0,28,62.05,0.419811320754717
424.0,22.0,132.0,178.0,8.5,882.0,750.0,3,32.01,0.419811320754717
424.0,22.0,132.0,168.0,8.9,822.0,750.0,28,72.1,0.39622641509433965
424.0,22.0,132.0,178.0,8.5,822.0,750.0,7,39.0,0.419811320754717
424.0,22.0,132.0,178.0,8.5,822.0,750.0,56,65.7,0.419811320754717
424.0,22.0,132.0,168.0,8.9,822.0,750.0,3,32.11,0.39622641509433965
424.0,22.0,132.0,168.0,8.9,822.0,750.0,7,40.29,0.39622641509433965
424.0,22.0,132.0,168.0,8.9,822.0,750.0,56,74.36,0.39622641509433965
202.0,11.0,141.0,206.0,1.7,942.0,801.0,28,21.97,1.0198019801980198
202.0,11.0,141.0,206.0,1.7,942.0,801.0,3,9.85,1.0198019801980198
202.0,11.0,141.0,206.0,1.7,942.0,801.0,7,15.07,1.0198019801980198
202.0,11.0,141.0,206.0,1.7,942.0,801.0,56,23.25,1.0198019801980198
284.0,15.0,141.0,179.0,5.5,842.0,801.0,28,43.73,0.6302816901408451
284.0,15.0,141.0,179.0,5.5,842.0,801.0,3,13.4,0.6302816901408451
284.0,15.0,141.0,179.0,5.5,842.0,801.0,7,24.13,0.6302816901408451
284.0,15.0,141.0,179.0,5.5,842.0,801.0,56,44.52,0.6302816901408451
359.0,19.0,141.0,154.0,10.9,942.0,801.0,28,62.94,0.42896935933147634
359.0,19.0,141.0,154.0,10.9,942.0,801.0,28,59.49,0.42896935933147634
359.0,19.0,141.0,154.0,10.9,942.0,801.0,3,25.12,0.42896935933147634
359.0,19.0,141.0,154.0,10.9,942.0,801.0,3,23.64,0.42896935933147634
359.0,19.0,141.0,154.0,10.9,942.0,801.0,7,35.75,0.42896935933147634
359.0,19.0,141.0,154.0,10.9,942.0,801.0,7,38.61,0.42896935933147634
359.0,19.0,141.0,154.0,10.9,942.0,801.0,56,68.75,0.42896935933147634
359.0,19.0,141.0,154.0,10.9,942.0,801.0,56,66.78,0.42896935933147634
436.0,0.0,0.0,218.0,0.0,838.4,719.7,28,23.85,0.5
289.0,0.0,0.0,192.0,0.0,913.2,895.3,90,32.07,0.6643598615916955
289.0,0.0,0.0,192.0,0.0,913.2,895.3,3,11.65,0.6643598615916955
393.0,0.0,0.0,192.0,0.0,940.6,785.6,3,19.2,0.48854961832061067
393.0,0.0,0.0,192.0,0.0,940.6,785.6,90,48.85,0.48854961832061067
393.0,0.0,0.0,192.0,0.0,940.6,785.6,28,39.6,0.48854961832061067
480.0,0.0,0.0,192.0,0.0,936.2,712.2,28,43.94,0.4
480.0,0.0,0.0,192.0,0.0,936.2,712.2,7,34.57,0.4
480.0,0.0,0.0,192.0,0.0,936.2,712.2,90,54.32,0.4
480.0,0.0,0.0,192.0,0.0,936.2,712.2,3,24.4,0.4
333.0,0.0,0.0,192.0,0.0,931.2,842.6,3,15.62,0.5765765765765766
255.0,0.0,0.0,192.0,0.0,889.8,945.0,90,21.86,0.7529411764705882
255.0,0.0,0.0,192.0,0.0,889.8,945.0,7,10.22,0.7529411764705882
289.0,0.0,0.0,192.0,0.0,913.2,895.3,7,14.6,0.6643598615916955
255.0,0.0,0.0,192.0,0.0,889.8,945.0,28,18.75,0.7529411764705882
333.0,0.0,0.0,192.0,0.0,931.2,842.6,28,31.97,0.5765765765765766
333.0,0.0,0.0,192.0,0.0,931.2,842.6,7,23.4,0.5765765765765766
289.0,0.0,0.0,192.0,0.0,913.2,895.3,28,25.57,0.6643598615916955
333.0,0.0,0.0,192.0,0.0,931.2,842.6,90,41.68,0.5765765765765766
393.0,0.0,0.0,192.0,0.0,940.6,785.6,7,27.74,0.48854961832061067
255.0,0.0,0.0,192.0,0.0,889.8,945.0,3,8.2,0.7529411764705882
158.8,238.2,0.0,185.7,0.0,1040.6,734.3,7,9.62,1.1693954659949621
239.6,359.4,0.0,185.7,0.0,941.6,664.3,7,25.42,0.7750417362270451
238.2,158.8,0.0,185.7,0.0,1040.6,734.3,7,15.69,0.7795969773299748
181.9,272.8,0.0,185.7,0.0,1012.4,714.3,28,27.94,1.0208905992303463
193.5,290.2,0.0,185.7,0.0,998.2,704.3,28,32.63,0.9596899224806201
255.5,170.3,0.0,185.7,0.0,1026.6,724.3,7,17.24,0.7268101761252446
272.8,181.9,0.0,185.7,0.0,1012.4,714.3,7,19.77,0.6807184750733137
239.6,359.4,0.0,185.7,0.0,941.6,664.3,28,39.44,0.7750417362270451
220.8,147.2,0.0,185.7,0.0,1055.0,744.3,28,25.75,0.8410326086956521
397.0,0.0,0.0,185.7,0.0,1040.6,734.3,28,33.08,0.46775818639798483
382.5,0.0,0.0,185.7,0.0,1047.8,739.3,7,24.07,0.48549019607843136
210.7,316.1,0.0,185.7,0.0,977.0,689.3,7,21.82,0.8813478879924063
158.8,238.2,0.0,185.7,0.0,1040.6,734.3,28,21.07,1.1693954659949621
295.8,0.0,0.0,185.7,0.0,1091.4,769.3,7,14.84,0.627789046653144
255.5,170.3,0.0,185.7,0.0,1026.6,724.3,28,32.05,0.7268101761252446
203.5,135.7,0.0,185.7,0.0,1076.2,759.3,7,11.96,0.9125307125307125
397.0,0.0,0.0,185.7,0.0,1040.6,734.3,7,25.45,0.46775818639798483
381.4,0.0,0.0,185.7,0.0,1104.6,784.3,28,22.49,0.4868904037755637
295.8,0.0,0.0,185.7,0.0,1091.4,769.3,28,25.22,0.627789046653144
228.0,342.1,0.0,185.7,0.0,955.8,674.3,28,39.7,0.8144736842105262
220.8,147.2,0.0,185.7,0.0,1055.0,744.3,7,13.09,0.8410326086956521
316.1,210.7,0.0,185.7,0.0,977.0,689.3,28,38.7,0.5874723188864283
135.7,203.5,0.0,185.7,0.0,1076.2,759.3,7,7.51,1.3684598378776713
238.1,0.0,0.0,185.7,0.0,1118.8,789.3,28,17.58,0.7799244015119697
339.2,0.0,0.0,185.7,0.0,1069.2,754.3,7,21.18,0.5474646226415094
135.7,203.5,0.0,185.7,0.0,1076.2,759.3,28,18.2,1.3684598378776713
193.5,290.2,0.0,185.7,0.0,998.2,704.3,7,17.2,0.9596899224806201
203.5,135.7,0.0,185.7,0.0,1076.2,759.3,28,22.63,0.9125307125307125
290.2,193.5,0.0,185.7,0.0,998.2,704.3,7,21.86,0.6399035148173673
181.9,272.8,0.0,185.7,0.0,1012.4,714.3,7,12.37,1.0208905992303463
170.3,155.5,0.0,185.7,0.0,1026.6,724.3,28,25.73,1.0904286553141513
210.7,316.1,0.0,185.7,0.0,977.0,689.3,28,37.81,0.8813478879924063
228.0,342.1,0.0,185.7,0.0,955.8,674.3,7,21.92,0.8144736842105262
290.2,193.5,0.0,185.7,0.0,998.2,704.3,28,33.04,0.6399035148173673
381.4,0.0,0.0,185.7,0.0,1104.6,784.3,7,14.54,0.4868904037755637
238.2,158.8,0.0,185.7,0.0,1040.6,734.3,28,26.91,0.7795969773299748
186.2,124.1,0.0,185.7,0.0,1083.4,764.3,7,8.0,0.9973147153598282
339.2,0.0,0.0,185.7,0.0,1069.2,754.3,28,31.9,0.5474646226415094
238.1,0.0,0.0,185.7,0.0,1118.8,789.3,7,10.34,0.7799244015119697
252.5,0.0,0.0,185.7,0.0,1111.6,784.3,28,19.77,0.7354455445544554
382.5,0.0,0.0,185.7,0.0,1047.8,739.3,28,37.44,0.48549019607843136
252.5,0.0,0.0,185.7,0.0,1111.6,784.3,7,11.48,0.7354455445544554
316.1,210.7,0.0,185.7,0.0,977.0,689.3,7,24.44,0.5874723188864283
186.2,124.1,0.0,185.7,0.0,1083.4,764.3,28,17.6,0.9973147153598282
170.3,155.5,0.0,185.7,0.0,1026.6,724.3,7,10.73,1.0904286553141513
272.8,181.9,0.0,185.7,0.0,1012.4,714.3,28,31.38,0.6807184750733137
339.0,0.0,0.0,197.0,0.0,968.0,781.0,3,13.22,0.5811209439528023
339.0,0.0,0.0,197.0,0.0,968.0,781.0,7,20.97,0.5811209439528023
339.0,0.0,0.0,197.0,0.0,968.0,781.0,14,27.04,0.5811209439528023
339.0,0.0,0.0,197.0,0.0,968.0,781.0,28,32.04,0.5811209439528023
339.0,0.0,0.0,197.0,0.0,968.0,781.0,90,35.17,0.5811209439528023
339.0,0.0,0.0,197.0,0.0,968.0,781.0,180,36.45,0.5811209439528023
339.0,0.0,0.0,197.0,0.0,968.0,781.0,365,38.89,0.5811209439528023
236.0,0.0,0.0,194.0,0.0,968.0,885.0,3,6.47,0.8220338983050848
236.0,0.0,0.0,194.0,0.0,968.0,885.0,14,12.84,0.8220338983050848
236.0,0.0,0.0,194.0,0.0,968.0,885.0,28,18.42,0.8220338983050848
236.0,0.0,0.0,194.0,0.0,968.0,885.0,90,21.95,0.8220338983050848
236.0,0.0,0.0,193.0,0.0,968.0,885.0,180,24.1,0.8177966101694916
236.0,0.0,0.0,193.0,0.0,968.0,885.0,365,25.08,0.8177966101694916
277.0,0.0,0.0,191.0,0.0,968.0,856.0,14,21.26,0.6895306859205776
277.0,0.0,0.0,191.0,0.0,968.0,856.0,28,25.97,0.6895306859205776
277.0,0.0,0.0,191.0,0.0,968.0,856.0,3,11.36,0.6895306859205776
277.0,0.0,0.0,191.0,0.0,968.0,856.0,90,31.25,0.6895306859205776
277.0,0.0,0.0,191.0,0.0,968.0,856.0,180,32.33,0.6895306859205776
277.0,0.0,0.0,191.0,0.0,968.0,856.0,360,33.7,0.6895306859205776
254.0,0.0,0.0,198.0,0.0,968.0,863.0,3,9.31,0.7795275590551181
254.0,0.0,0.0,198.0,0.0,968.0,863.0,90,26.94,0.7795275590551181
254.0,0.0,0.0,198.0,0.0,968.0,863.0,180,27.63,0.7795275590551181
254.0,0.0,0.0,198.0,0.0,968.0,863.0,365,29.79,0.7795275590551181
307.0,0.0,0.0,193.0,0.0,968.0,812.0,180,34.49,0.6286644951140065
307.0,0.0,0.0,193.0,0.0,968.0,812.0,365,36.15,0.6286644951140065
307.0,0.0,0.0,193.0,0.0,968.0,812.0,3,12.54,0.6286644951140065
307.0,0.0,0.0,193.0,0.0,968.0,812.0,28,27.53,0.6286644951140065
307.0,0.0,0.0,193.0,0.0,968.0,812.0,90,32.92,0.6286644951140065
236.0,0.0,0.0,193.0,0.0,968.0,885.0,7,9.99,0.8177966101694916
200.0,0.0,0.0,180.0,0.0,1125.0,845.0,7,7.84,0.9
200.0,0.0,0.0,180.0,0.0,1125.0,845.0,28,12.25,0.9
225.0,0.0,0.0,181.0,0.0,1113.0,833.0,7,11.17,0.8044444444444444
225.0,0.0,0.0,181.0,0.0,1113.0,833.0,28,17.34,0.8044444444444444
325.0,0.0,0.0,184.0,0.0,1063.0,783.0,7,17.54,0.5661538461538461
325.0,0.0,0.0,184.0,0.0,1063.0,783.0,28,30.57,0.5661538461538461
275.0,0.0,0.0,183.0,0.0,1088.0,808.0,7,14.2,0.6654545454545454
275.0,0.0,0.0,183.0,0.0,1088.0,808.0,28,24.5,0.6654545454545454
300.0,0.0,0.0,184.0,0.0,1075.0,795.0,7,15.58,0.6133333333333333
300.0,0.0,0.0,184.0,0.0,1075.0,795.0,28,26.85,0.6133333333333333
375.0,0.0,0.0,186.0,0.0,1038.0,758.0,7,26.06,0.496
375.0,0.0,0.0,186.0,0.0,1038.0,758.0,28,38.21,0.496
400.0,0.0,0.0,187.0,0.0,1025.0,745.0,28,43.7,0.4675
400.0,0.0,0.0,187.0,0.0,1025.0,745.0,7,30.14,0.4675
250.0,0.0,0.0,182.0,0.0,1100.0,820.0,7,12.73,0.728
250.0,0.0,0.0,182.0,0.0,1100.0,820.0,28,20.87,0.728
350.0,0.0,0.0,186.0,0.0,1050.0,770.0,7,20.28,0.5314285714285715
350.0,0.0,0.0,186.0,0.0,1050.0,770.0,28,34.29,0.5314285714285715
203.5,305.3,0.0,203.5,0.0,963.4,630.0,7,19.54,1.0
250.2,166.8,0.0,203.5,0.0,977.6,694.1,90,47.71,0.8133493205435652
157.0,236.0,0.0,192.0,0.0,935.4,781.2,90,43.38,1.2229299363057324
141.3,212.0,0.0,203.5,0.0,971.8,748.5,28,29.89,1.4401981599433828
166.8,250.2,0.0,203.5,0.0,975.6,692.6,3,6.9,1.2200239808153477
122.6,183.9,0.0,203.5,0.0,958.2,800.1,90,33.19,1.6598694942903753
183.9,122.6,0.0,203.5,0.0,959.2,800.0,3,4.9,1.10657966286025
102.0,153.0,0.0,192.0,0.0,887.0,942.0,3,4.57,1.8823529411764706
102.0,153.0,0.0,192.0,0.0,887.0,942.0,90,25.46,1.8823529411764706
122.6,183.9,0.0,203.5,0.0,958.2,800.1,28,24.29,1.6598694942903753
166.8,250.2,0.0,203.5,0.0,975.6,692.6,28,33.95,1.2200239808153477
200.0,133.0,0.0,192.0,0.0,965.4,806.2,3,11.41,0.96
108.3,162.4,0.0,203.5,0.0,938.2,849.0,28,20.59,1.8790397045244691
305.3,203.5,0.0,203.5,0.0,965.4,631.0,7,25.89,0.6665574844415328
108.3,162.4,0.0,203.5,0.0,938.2,849.0,90,29.23,1.8790397045244691
116.0,173.0,0.0,192.0,0.0,909.8,891.9,90,31.02,1.6551724137931034
141.3,212.0,0.0,203.5,0.0,971.8,748.5,7,10.39,1.4401981599433828
157.0,236.0,0.0,192.0,0.0,935.4,781.2,28,33.66,1.2229299363057324
133.0,200.0,0.0,192.0,0.0,927.4,839.2,28,27.87,1.443609022556391
250.2,166.8,0.0,203.5,0.0,977.6,694.1,7,19.35,0.8133493205435652
173.0,116.0,0.0,192.0,0.0,946.8,856.8,7,11.39,1.1098265895953756
192.0,288.0,0.0,192.0,0.0,929.8,716.1,3,12.79,1.0
192.0,288.0,0.0,192.0,0.0,929.8,716.1,28,39.32,1.0
153.0,102.0,0.0,192.0,0.0,888.0,943.1,3,4.78,1.2549019607843137
288.0,192.0,0.0,192.0,0.0,932.0,717.8,3,16.11,0.6666666666666666
305.3,203.5,0.0,203.5,0.0,965.4,631.0,28,43.38,0.6665574844415328
236.0,157.0,0.0,192.0,0.0,972.6,749.1,7,20.42,0.8135593220338984
173.0,116.0,0.0,192.0,0.0,946.8,856.8,3,6.94,1.1098265895953756
212.0,141.3,0.0,203.5,0.0,973.4,750.0,7,15.03,0.9599056603773585
236.0,157.0,0.0,192.0,0.0,972.6,749.1,3,13.57,0.8135593220338984
183.9,122.6,0.0,203.5,0.0,959.2,800.0,90,32.53,1.10657966286025
166.8,250.2,0.0,203.5,0.0,975.6,692.6,7,15.75,1.2200239808153477
102.0,153.0,0.0,192.0,0.0,887.0,942.0,7,7.68,1.8823529411764706
288.0,192.0,0.0,192.0,0.0,932.0,717.8,28,38.8,0.6666666666666666
212.0,141.3,0.0,203.5,0.0,973.4,750.0,28,33.0,0.9599056603773585
102.0,153.0,0.0,192.0,0.0,887.0,942.0,28,17.28,1.8823529411764706
173.0,116.0,0.0,192.0,0.0,946.8,856.8,28,24.28,1.1098265895953756
183.9,122.6,0.0,203.5,0.0,959.2,800.0,28,24.05,1.10657966286025
133.0,200.0,0.0,192.0,0.0,927.4,839.2,90,36.59,1.443609022556391
192.0,288.0,0.0,192.0,0.0,929.8,716.1,90,50.73,1.0
133.0,200.0,0.0,192.0,0.0,927.4,839.2,7,13.66,1.443609022556391
305.3,203.5,0.0,203.5,0.0,965.4,631.0,3,14.14,0.6665574844415328
236.0,157.0,0.0,192.0,0.0,972.6,749.1,90,47.78,0.8135593220338984
108.3,162.4,0.0,203.5,0.0,938.2,849.0,3,2.33,1.8790397045244691
157.0,236.0,0.0,192.0,0.0,935.4,781.2,7,16.89,1.2229299363057324
288.0,192.0,0.0,192.0,0.0,932.0,717.8,7,23.52,0.6666666666666666
212.0,141.3,0.0,203.5,0.0,973.4,750.0,3,6.81,0.9599056603773585
212.0,141.3,0.0,203.5,0.0,973.4,750.0,90,39.7,0.9599056603773585
153.0,102.0,0.0,192.0,0.0,888.0,943.1,28,17.96,1.2549019607843137
236.0,157.0,0.0,192.0,0.0,972.6,749.1,28,32.88,0.8135593220338984
116.0,173.0,0.0,192.0,0.0,909.8,891.9,28,22.35,1.6551724137931034
183.9,122.6,0.0,203.5,0.0,959.2,800.0,7,10.79,1.10657966286025
108.3,162.4,0.0,203.5,0.0,938.2,849.0,7,7.72,1.8790397045244691
203.5,305.3,0.0,203.5,0.0,963.4,630.0,28,41.68,1.0
203.5,305.3,0.0,203.5,0.0,963.4,630.0,3,9.56,1.0
133.0,200.0,0.0,192.0,0.0,927.4,839.2,3,6.88,1.443609022556391
288.0,192.0,0.0,192.0,0.0,932.0,717.8,90,50.53,0.6666666666666666
200.0,133.0,0.0,192.0,0.0,965.4,806.2,7,17.17,0.96
200.0,133.0,0.0,192.0,0.0,965.4,806.2,28,30.44,0.96
250.2,166.8,0.0,203.5,0.0,977.6,694.1,3,9.73,0.8133493205435652
122.6,183.9,0.0,203.5,0.0,958.2,800.1,3,3.32,1.6598694942903753
153.0,102.0,0.0,192.0,0.0,888.0,943.1,90,26.32,1.2549019607843137
200.0,133.0,0.0,192.0,0.0,965.4,806.2,90,43.25,0.96
116.0,173.0,0.0,192.0,0.0,909.8,891.9,3,6.28,1.6551724137931034
173.0,116.0,0.0,192.0,0.0,946.8,856.8,90,32.1,1.1098265895953756
250.2,166.8,0.0,203.5,0.0,977.6,694.1,28,36.96,0.8133493205435652
305.3,203.5,0.0,203.5,0.0,965.4,631.0,90,54.6,0.6665574844415328
192.0,288.0,0.0,192.0,0.0,929.8,716.1,7,21.48,1.0
157.0,236.0,0.0,192.0,0.0,935.4,781.2,3,9.69,1.2229299363057324
153.0,102.0,0.0,192.0,0.0,888.0,943.1,7,8.37,1.2549019607843137
141.3,212.0,0.0,203.5,0.0,971.8,748.5,90,39.66,1.4401981599433828
116.0,173.0,0.0,192.0,0.0,909.8,891.9,7,10.09,1.6551724137931034
141.3,212.0,0.0,203.5,0.0,971.8,748.5,3,4.83,1.4401981599433828
122.6,183.9,0.0,203.5,0.0,958.2,800.1,7,10.35,1.6598694942903753
166.8,250.2,0.0,203.5,0.0,975.6,692.6,90,43.57,1.2200239808153477
203.5,305.3,0.0,203.5,0.0,963.4,630.0,90,51.86,1.0
310.0,0.0,0.0,192.0,0.0,1012.0,830.0,3,11.85,0.6193548387096774
310.0,0.0,0.0,192.0,0.0,1012.0,830.0,7,17.24,0.6193548387096774
310.0,0.0,0.0,192.0,0.0,1012.0,830.0,28,27.83,0.6193548387096774
310.0,0.0,0.0,192.0,0.0,1012.0,830.0,90,35.76,0.6193548387096774
310.0,0.0,0.0,192.0,0.0,1012.0,830.0,120,38.7,0.6193548387096774
331.0,0.0,0.0,192.0,0.0,1025.0,821.0,3,14.31,0.5800604229607251
331.0,0.0,0.0,192.0,0.0,1025.0,821.0,7,17.44,0.5800604229607251
331.0,0.0,0.0,192.0,0.0,1025.0,821.0,28,31.74,0.5800604229607251
331.0,0.0,0.0,192.0,0.0,1025.0,821.0,90,37.91,0.5800604229607251
331.0,0.0,0.0,192.0,0.0,1025.0,821.0,120,39.38,0.5800604229607251
349.0,0.0,0.0,192.0,0.0,1056.0,809.0,3,15.87,0.5501432664756447
349.0,0.0,0.0,192.0,0.0,1056.0,809.0,7,9.01,0.5501432664756447
349.0,0.0,0.0,192.0,0.0,1056.0,809.0,28,33.61,0.5501432664756447
349.0,0.0,0.0,192.0,0.0,1056.0,809.0,90,40.66,0.5501432664756447
349.0,0.0,0.0,192.0,0.0,1056.0,809.0,120,40.86,0.5501432664756447
238.0,0.0,0.0,186.0,0.0,1119.0,789.0,7,12.05,0.7815126050420168
238.0,0.0,0.0,186.0,0.0,1119.0,789.0,28,17.54,0.7815126050420168
296.0,0.0,0.0,186.0,0.0,1090.0,769.0,7,18.91,0.6283783783783784
296.0,0.0,0.0,186.0,0.0,1090.0,769.0,28,25.18,0.6283783783783784
297.0,0.0,0.0,186.0,0.0,1040.0,734.0,7,30.96,0.6262626262626263
480.0,0.0,0.0,192.0,0.0,936.0,721.0,28,43.89,0.4
480.0,0.0,0.0,192.0,0.0,936.0,721.0,90,54.28,0.4
397.0,0.0,0.0,186.0,0.0,1040.0,734.0,28,36.94,0.46851385390428213
281.0,0.0,0.0,186.0,0.0,1104.0,774.0,7,14.5,0.6619217081850534
281.0,0.0,0.0,185.0,0.0,1104.0,774.0,28,22.44,0.6583629893238434
500.0,0.0,0.0,200.0,0.0,1125.0,613.0,1,12.64,0.4
500.0,0.0,0.0,200.0,0.0,1125.0,613.0,3,26.06,0.4
500.0,0.0,0.0,200.0,0.0,1125.0,613.0,7,33.21,0.4
500.0,0.0,0.0,200.0,0.0,1125.0,613.0,14,36.94,0.4
500.0,0.0,0.0,200.0,0.0,1125.0,613.0,28,44.09,0.4
540.0,0.0,0.0,173.0,0.0,1125.0,613.0,7,52.61,0.32037037037037036
540.0,0.0,0.0,173.0,0.0,1125.0,613.0,14,59.76,0.32037037037037036
540.0,0.0,0.0,173.0,0.0,1125.0,613.0,28,67.31,0.32037037037037036
540.0,0.0,0.0,173.0,0.0,1125.0,613.0,90,69.66,0.32037037037037036
540.0,0.0,0.0,173.0,0.0,1125.0,613.0,180,71.62,0.32037037037037036
540.0,0.0,0.0,173.0,0.0,1125.0,613.0,270,74.17,0.32037037037037036
350.0,0.0,0.0,203.0,0.0,974.0,775.0,7,18.13,0.58
350.0,0.0,0.0,203.0,0.0,974.0,775.0,14,22.53,0.58
350.0,0.0,0.0,203.0,0.0,974.0,775.0,28,27.34,0.58
350.0,0.0,0.0,203.0,0.0,974.0,775.0,56,29.98,0.58
350.0,0.0,0.0,203.0,0.0,974.0,775.0,90,31.35,0.58
350.0,0.0,0.0,203.0,0.0,974.0,775.0,180,32.72,0.58
385.0,0.0,0.0,186.0,0.0,966.0,763.0,1,6.27,0.4831168831168831
385.0,0.0,0.0,186.0,0.0,966.0,763.0,3,14.7,0.4831168831168831
385.0,0.0,0.0,186.0,0.0,966.0,763.0,7,23.22,0.4831168831168831
385.0,0.0,0.0,186.0,0.0,966.0,763.0,14,27.92,0.4831168831168831
385.0,0.0,0.0,186.0,0.0,966.0,763.0,28,31.35,0.4831168831168831
331.0,0.0,0.0,192.0,0.0,978.0,825.0,180,39.0,0.5800604229607251
331.0,0.0,0.0,192.0,0.0,978.0,825.0,360,41.24,0.5800604229607251
349.0,0.0,0.0,192.0,0.0,1047.0,806.0,3,14.99,0.5501432664756447
331.0,0.0,0.0,192.0,0.0,978.0,825.0,3,13.52,0.5800604229607251
382.0,0.0,0.0,186.0,0.0,1047.0,739.0,7,24.0,0.4869109947643979
382.0,0.0,0.0,186.0,0.0,1047.0,739.0,28,37.42,0.4869109947643979
382.0,0.0,0.0,186.0,0.0,1111.0,784.0,7,11.47,0.4869109947643979
281.0,0.0,0.0,186.0,0.0,1104.0,774.0,28,22.44,0.6619217081850534
339.0,0.0,0.0,185.0,0.0,1069.0,754.0,7,21.16,0.5457227138643068
339.0,0.0,0.0,185.0,0.0,1069.0,754.0,28,31.84,0.5457227138643068
295.0,0.0,0.0,185.0,0.0,1069.0,769.0,7,14.8,0.6271186440677966
295.0,0.0,0.0,185.0,0.0,1069.0,769.0,28,25.18,0.6271186440677966
238.0,0.0,0.0,185.0,0.0,1118.0,789.0,28,17.54,0.7773109243697479
296.0,0.0,0.0,192.0,0.0,1085.0,765.0,7,14.2,0.6486486486486487
296.0,0.0,0.0,192.0,0.0,1085.0,765.0,28,21.65,0.6486486486486487
296.0,0.0,0.0,192.0,0.0,1085.0,765.0,90,29.39,0.6486486486486487
331.0,0.0,0.0,192.0,0.0,879.0,825.0,3,13.52,0.5800604229607251
331.0,0.0,0.0,192.0,0.0,978.0,825.0,7,16.26,0.5800604229607251
331.0,0.0,0.0,192.0,0.0,978.0,825.0,28,31.45,0.5800604229607251
331.0,0.0,0.0,192.0,0.0,978.0,825.0,90,37.23,0.5800604229607251
349.0,0.0,0.0,192.0,0.0,1047.0,806.0,7,18.13,0.5501432664756447
349.0,0.0,0.0,192.0,0.0,1047.0,806.0,28,32.72,0.5501432664756447
349.0,0.0,0.0,192.0,0.0,1047.0,806.0,90,39.49,0.5501432664756447
349.0,0.0,0.0,192.0,0.0,1047.0,806.0,180,41.05,0.5501432664756447
349.0,0.0,0.0,192.0,0.0,1047.0,806.0,360,42.13,0.5501432664756447
302.0,0.0,0.0,203.0,0.0,974.0,817.0,14,18.13,0.6721854304635762
302.0,0.0,0.0,203.0,0.0,974.0,817.0,180,26.74,0.6721854304635762
525.0,0.0,0.0,189.0,0.0,1125.0,613.0,180,61.92,0.36
500.0,0.0,0.0,200.0,0.0,1125.0,613.0,90,47.22,0.4
500.0,0.0,0.0,200.0,0.0,1125.0,613.0,180,51.04,0.4
500.0,0.0,0.0,200.0,0.0,1125.0,613.0,270,55.16,0.4
540.0,0.0,0.0,173.0,0.0,1125.0,613.0,3,41.64,0.32037037037037036
252.0,0.0,0.0,185.0,0.0,1111.0,784.0,7,13.71,0.7341269841269841
252.0,0.0,0.0,185.0,0.0,1111.0,784.0,28,19.69,0.7341269841269841
339.0,0.0,0.0,185.0,0.0,1060.0,754.0,28,31.65,0.5457227138643068
393.0,0.0,0.0,192.0,0.0,940.0,758.0,3,19.11,0.48854961832061067
393.0,0.0,0.0,192.0,0.0,940.0,758.0,28,39.58,0.48854961832061067
393.0,0.0,0.0,192.0,0.0,940.0,758.0,90,48.79,0.48854961832061067
382.0,0.0,0.0,185.0,0.0,1047.0,739.0,7,24.0,0.48429319371727747
382.0,0.0,0.0,185.0,0.0,1047.0,739.0,28,37.42,0.48429319371727747
252.0,0.0,0.0,186.0,0.0,1111.0,784.0,7,11.47,0.7380952380952381
310.0,0.0,0.0,192.0,0.0,970.0,850.0,7,14.99,0.6193548387096774
310.0,0.0,0.0,192.0,0.0,970.0,850.0,28,27.92,0.6193548387096774
310.0,0.0,0.0,192.0,0.0,970.0,850.0,90,34.68,0.6193548387096774
310.0,0.0,0.0,192.0,0.0,970.0,850.0,180,37.33,0.6193548387096774
310.0,0.0,0.0,192.0,0.0,970.0,850.0,360,38.11,0.6193548387096774
525.0,0.0,0.0,189.0,0.0,1125.0,613.0,3,33.8,0.36
525.0,0.0,0.0,189.0,0.0,1125.0,613.0,7,42.42,0.36
525.0,0.0,0.0,189.0,0.0,1125.0,613.0,14,48.4,0.36
525.0,0.0,0.0,189.0,0.0,1125.0,613.0,28,55.94,0.36
525.0,0.0,0.0,189.0,0.0,1125.0,613.0,90,58.78,0.36
525.0,0.0,0.0,189.0,0.0,1125.0,613.0,270,67.11,0.36
322.0,0.0,0.0,203.0,0.0,974.0,800.0,14,20.77,0.6304347826086957
322.0,0.0,0.0,203.0,0.0,974.0,800.0,28,25.18,0.6304347826086957
322.0,0.0,0.0,203.0,0.0,974.0,800.0,180,29.59,0.6304347826086957
302.0,0.0,0.0,203.0,0.0,974.0,817.0,28,21.75,0.6721854304635762
397.0,0.0,0.0,185.0,0.0,1040.0,734.0,28,39.09,0.4659949622166247
480.0,0.0,0.0,192.0,0.0,936.0,721.0,3,24.39,0.4
522.0,0.0,0.0,146.0,0.0,896.0,896.0,7,50.51,0.2796934865900383
522.0,0.0,0.0,146.0,0.0,896.0,896.0,28,74.99,0.2796934865900383
273.0,105.0,82.0,210.0,9.0,904.0,680.0,28,37.17,0.7692307692307693
162.0,190.0,148.0,179.0,19.0,838.0,741.0,28,33.76,1.1049382716049383
154.0,144.0,112.0,220.0,10.0,923.0,658.0,28,16.5,1.4285714285714286
147.0,115.0,89.0,202.0,9.0,860.0,829.0,28,19.99,1.3741496598639455
152.0,178.0,139.0,168.0,18.0,944.0,695.0,28,36.35,1.105263157894737
310.0,143.0,111.0,168.0,22.0,914.0,651.0,28,33.69,0.5419354838709678
144.0,0.0,175.0,158.0,18.0,943.0,844.0,28,15.42,1.0972222222222223
304.0,140.0,0.0,214.0,6.0,895.0,722.0,28,33.42,0.7039473684210527
374.0,0.0,0.0,190.0,7.0,1013.0,730.0,28,39.05,0.5080213903743316
159.0,149.0,116.0,175.0,15.0,953.0,720.0,28,27.68,1.10062893081761
153.0,239.0,0.0,200.0,6.0,1002.0,684.0,28,26.86,1.3071895424836601
310.0,143.0,0.0,168.0,10.0,914.0,804.0,28,45.3,0.5419354838709678
305.0,0.0,100.0,196.0,10.0,959.0,705.0,28,30.12,0.6426229508196721
151.0,0.0,184.0,167.0,12.0,991.0,772.0,28,15.57,1.1059602649006623
142.0,167.0,130.0,174.0,11.0,883.0,785.0,28,44.61,1.2253521126760563
298.0,137.0,107.0,201.0,6.0,878.0,655.0,28,53.52,0.674496644295302
321.0,164.0,0.0,190.0,5.0,870.0,774.0,28,57.21,0.5919003115264797
366.0,187.0,0.0,191.0,7.0,824.0,757.0,28,65.91,0.5218579234972678
280.0,129.0,100.0,172.0,9.0,825.0,805.0,28,52.82,0.6142857142857143
252.0,97.0,76.0,194.0,8.0,835.0,821.0,28,33.4,0.7698412698412699
165.0,0.0,150.0,182.0,12.0,1023.0,729.0,28,18.03,1.103030303030303
156.0,243.0,0.0,180.0,11.0,1022.0,698.0,28,37.36,1.1538461538461537
160.0,188.0,146.0,203.0,11.0,829.0,710.0,28,32.84,1.26875
298.0,0.0,107.0,186.0,6.0,879.0,815.0,28,42.64,0.6241610738255033
318.0,0.0,126.0,210.0,6.0,861.0,737.0,28,40.06,0.660377358490566
287.0,121.0,94.0,188.0,9.0,904.0,696.0,28,41.94,0.6550522648083623
326.0,166.0,0.0,174.0,9.0,882.0,790.0,28,61.23,0.5337423312883436
356.0,0.0,142.0,193.0,11.0,801.0,778.0,28,40.87,0.5421348314606742
132.0,207.0,161.0,179.0,5.0,867.0,736.0,28,33.3,1.356060606060606
322.0,149.0,0.0,186.0,8.0,951.0,709.0,28,52.42,0.577639751552795
164.0,0.0,200.0,181.0,13.0,849.0,846.0,28,15.09,1.103658536585366
314.0,0.0,113.0,170.0,10.0,925.0,783.0,28,38.46,0.5414012738853503
321.0,0.0,128.0,182.0,11.0,870.0,780.0,28,37.26,0.5669781931464174
140.0,164.0,128.0,237.0,6.0,869.0,656.0,28,35.23,1.6928571428571428
288.0,121.0,0.0,177.0,7.0,908.0,829.0,28,42.13,0.6145833333333334
298.0,0.0,107.0,210.0,11.0,880.0,744.0,28,31.87,0.7046979865771812
265.0,111.0,86.0,195.0,6.0,833.0,790.0,28,41.54,0.7358490566037735
160.0,250.0,0.0,168.0,12.0,1049.0,688.0,28,39.45,1.05
166.0,260.0,0.0,183.0,13.0,859.0,827.0,28,37.91,1.1024096385542168
276.0,116.0,90.0,180.0,9.0,870.0,768.0,28,44.28,0.6521739130434783
322.0,0.0,116.0,196.0,10.0,818.0,813.0,28,31.18,0.6086956521739131
149.0,139.0,109.0,193.0,6.0,892.0,780.0,28,23.69,1.2953020134228188
159.0,187.0,0.0,176.0,11.0,990.0,789.0,28,32.76,1.1069182389937107
261.0,100.0,78.0,201.0,9.0,864.0,761.0,28,32.4,0.7701149425287356
237.0,92.0,71.0,247.0,6.0,853.0,695.0,28,28.63,1.0421940928270041
313.0,0.0,113.0,178.0,8.0,1002.0,689.0,28,36.8,0.5686900958466453
155.0,183.0,0.0,193.0,9.0,1047.0,697.0,28,18.28,1.2451612903225806
146.0,230.0,0.0,202.0,3.0,827.0,872.0,28,33.06,1.3835616438356164
296.0,0.0,107.0,221.0,11.0,819.0,778.0,28,31.42,0.7466216216216216
133.0,210.0,0.0,196.0,3.0,949.0,795.0,28,31.03,1.4736842105263157
313.0,145.0,0.0,178.0,8.0,867.0,824.0,28,44.39,0.5686900958466453
152.0,0.0,112.0,184.0,8.0,992.0,816.0,28,12.18,1.2105263157894737
153.0,145.0,113.0,178.0,8.0,1002.0,689.0,28,25.56,1.1633986928104576
140.0,133.0,103.0,200.0,7.0,916.0,753.0,28,36.44,1.4285714285714286
149.0,236.0,0.0,176.0,13.0,847.0,893.0,28,32.96,1.1812080536912752
300.0,0.0,120.0,212.0,10.0,878.0,728.0,28,23.84,0.7066666666666667
153.0,145.0,113.0,178.0,8.0,867.0,824.0,28,26.23,1.1633986928104576
148.0,0.0,137.0,158.0,16.0,1002.0,830.0,28,17.95,1.0675675675675675
326.0,0.0,138.0,199.0,11.0,801.0,792.0,28,40.68,0.6104294478527608
153.0,145.0,0.0,178.0,8.0,1000.0,822.0,28,19.01,1.1633986928104576
262.0,111.0,86.0,195.0,5.0,895.0,733.0,28,33.72,0.7442748091603053
158.0,0.0,195.0,220.0,11.0,898.0,713.0,28,8.54,1.3924050632911393
151.0,0.0,185.0,167.0,16.0,1074.0,678.0,28,13.46,1.1059602649006623
273.0,0.0,90.0,199.0,11.0,931.0,762.0,28,32.24,0.7289377289377289
149.0,118.0,92.0,183.0,7.0,953.0,780.0,28,23.52,1.2281879194630871
143.0,169.0,143.0,191.0,8.0,967.0,643.0,28,29.72,1.3356643356643356
260.0,101.0,78.0,171.0,10.0,936.0,763.0,28,49.77,0.6576923076923077
313.0,161.0,0.0,178.0,10.0,917.0,759.0,28,52.44,0.5686900958466453
284.0,120.0,0.0,168.0,7.0,970.0,794.0,28,40.93,0.5915492957746479
336.0,0.0,0.0,182.0,3.0,986.0,817.0,28,44.86,0.5416666666666666
145.0,0.0,134.0,181.0,11.0,979.0,812.0,28,13.2,1.2482758620689656
150.0,237.0,0.0,174.0,12.0,1069.0,675.0,28,37.43,1.16
144.0,170.0,133.0,192.0,8.0,814.0,805.0,28,29.87,1.3333333333333333
331.0,170.0,0.0,195.0,8.0,811.0,802.0,28,56.61,0.5891238670694864
155.0,0.0,143.0,193.0,9.0,1047.0,697.0,28,12.46,1.2451612903225806
155.0,183.0,0.0,193.0,9.0,877.0,868.0,28,23.79,1.2451612903225806
135.0,0.0,166.0,180.0,10.0,961.0,805.0,28,13.29,1.3333333333333333
266.0,112.0,87.0,178.0,10.0,910.0,745.0,28,39.42,0.6691729323308271
314.0,145.0,113.0,179.0,8.0,869.0,690.0,28,46.23,0.5700636942675159
313.0,145.0,0.0,127.0,8.0,1000.0,822.0,28,44.52,0.4057507987220447
146.0,173.0,0.0,182.0,3.0,986.0,817.0,28,23.74,1.2465753424657535
144.0,136.0,106.0,178.0,7.0,941.0,774.0,28,26.14,1.2361111111111112
148.0,0.0,182.0,181.0,15.0,839.0,884.0,28,15.52,1.222972972972973
277.0,117.0,91.0,191.0,7.0,946.0,666.0,28,43.57,0.6895306859205776
298.0,0.0,107.0,164.0,13.0,953.0,784.0,28,35.86,0.5503355704697986
313.0,145.0,0.0,178.0,8.0,1002.0,689.0,28,41.05,0.5686900958466453
155.0,184.0,143.0,194.0,9.0,880.0,699.0,28,28.99,1.2516129032258065
289.0,134.0,0.0,195.0,6.0,924.0,760.0,28,46.24,0.6747404844290658
148.0,175.0,0.0,171.0,2.0,1000.0,828.0,28,26.92,1.1554054054054055
145.0,0.0,179.0,202.0,8.0,824.0,869.0,28,10.54,1.393103448275862
313.0,0.0,0.0,178.0,8.0,1000.0,822.0,28,25.1,0.5686900958466453
136.0,162.0,126.0,172.0,10.0,923.0,764.0,28,29.07,1.2647058823529411
155.0,0.0,143.0,193.0,9.0,877.0,868.0,28,9.74,1.2451612903225806
255.0,99.0,77.0,189.0,6.0,919.0,749.0,28,33.8,0.7411764705882353
162.0,207.0,172.0,216.0,10.0,822.0,638.0,28,39.84,1.3333333333333333
136.0,196.0,98.0,199.0,6.0,847.0,783.0,28,26.97,1.463235294117647
164.0,163.0,128.0,197.0,8.0,961.0,641.0,28,27.23,1.201219512195122
162.0,214.0,164.0,202.0,10.0,820.0,680.0,28,30.65,1.2469135802469136
157.0,214.0,152.0,200.0,9.0,819.0,704.0,28,33.05,1.2738853503184713
149.0,153.0,194.0,192.0,8.0,935.0,623.0,28,24.58,1.2885906040268456
135.0,105.0,193.0,196.0,6.0,965.0,643.0,28,21.91,1.451851851851852
159.0,209.0,161.0,201.0,7.0,848.0,669.0,28,30.88,1.2641509433962264
144.0,15.0,195.0,176.0,6.0,1021.0,709.0,28,15.34,1.2222222222222223
154.0,174.0,185.0,228.0,7.0,845.0,612.0,28,24.34,1.4805194805194806
167.0,187.0,195.0,185.0,7.0,898.0,636.0,28,23.89,1.1077844311377245
184.0,86.0,190.0,213.0,6.0,923.0,623.0,28,22.93,1.1576086956521738
156.0,178.0,187.0,221.0,7.0,854.0,614.0,28,29.41,1.4166666666666667
236.9,91.7,71.5,246.9,6.0,852.9,695.4,28,28.63,1.0422119037568593
313.3,0.0,113.0,178.5,8.0,1001.9,688.7,28,36.8,0.5697414618576444
154.8,183.4,0.0,193.3,9.1,1047.4,696.7,28,18.29,1.2487080103359174
145.9,230.5,0.0,202.5,3.4,827.0,871.8,28,32.72,1.3879369431117203
296.0,0.0,106.7,221.4,10.5,819.2,778.4,28,31.42,0.7479729729729729
133.1,210.2,0.0,195.7,3.1,949.4,795.3,28,28.94,1.4703230653643877
313.3,145.0,0.0,178.5,8.0,867.2,824.0,28,40.93,0.5697414618576444
151.6,0.0,111.9,184.4,7.9,992.0,815.9,28,12.18,1.216358839050132
153.1,145.0,113.0,178.5,8.0,1001.9,688.7,28,25.56,1.1659046374918354
139.9,132.6,103.3,200.3,7.4,916.0,753.4,28,36.44,1.4317369549678343
149.5,236.0,0.0,175.8,12.6,846.8,892.7,28,32.96,1.1759197324414716
299.8,0.0,119.8,211.5,9.9,878.2,727.6,28,23.84,0.7054703135423616
153.1,145.0,113.0,178.5,8.0,867.2,824.0,28,26.23,1.1659046374918354
148.1,0.0,136.6,158.1,16.1,1001.8,830.1,28,17.96,1.0675219446320054
326.5,0.0,137.9,199.0,10.8,801.1,792.5,28,38.63,0.6094946401225115
152.7,144.7,0.0,178.1,8.0,999.7,822.2,28,19.01,1.16633922724296
261.9,110.5,86.1,195.4,5.0,895.2,732.6,28,33.72,0.7460862924780451
158.4,0.0,194.9,219.7,11.0,897.7,712.9,28,8.54,1.3869949494949494
150.7,0.0,185.3,166.7,15.6,1074.5,678.0,28,13.46,1.106171201061712
272.6,0.0,89.6,198.7,10.6,931.3,762.2,28,32.25,0.7289068231841525
149.0,117.6,91.7,182.9,7.1,953.4,780.3,28,23.52,1.22751677852349
143.0,169.4,142.7,190.7,8.4,967.4,643.5,28,29.73,1.3335664335664335
259.9,100.6,78.4,170.6,10.4,935.7,762.9,28,49.77,0.6564063101192766
312.9,160.5,0.0,177.6,9.6,916.6,759.5,28,52.45,0.5675934803451582
284.0,119.7,0.0,168.3,7.2,970.4,794.2,28,40.93,0.592605633802817
336.5,0.0,0.0,181.9,3.4,985.8,816.8,28,44.87,0.5405646359583952
144.8,0.0,133.6,180.8,11.1,979.5,811.5,28,13.2,1.2486187845303867
150.0,236.8,0.0,173.8,11.9,1069.3,674.8,28,37.43,1.1586666666666667
143.7,170.2,132.6,191.6,8.5,814.1,805.3,28,29.87,1.3333333333333335
330.5,169.6,0.0,194.9,8.1,811.0,802.3,28,56.62,0.5897125567322239
154.8,0.0,142.8,193.3,9.1,1047.4,696.7,28,12.46,1.2487080103359174
154.8,183.4,0.0,193.3,9.1,877.2,867.7,28,23.79,1.2487080103359174
134.7,0.0,165.7,180.2,10.0,961.0,804.9,28,13.29,1.3377876763177432
266.2,112.3,87.5,177.9,10.4,909.7,744.5,28,39.42,0.6682945154019535
314.0,145.3,113.2,178.9,8.0,869.1,690.2,28,46.23,0.5697452229299363
312.7,144.7,0.0,127.3,8.0,999.7,822.2,28,44.52,0.4070994563479373
145.7,172.6,0.0,181.9,3.4,985.8,816.8,28,23.74,1.2484557309540152
143.8,136.3,106.2,178.1,7.5,941.5,774.3,28,26.15,1.2385257301808066
148.1,0.0,182.1,181.4,15.0,838.9,884.3,28,15.53,1.224848075624578
277.0,116.8,91.0,190.6,7.0,946.5,665.6,28,43.58,0.688086642599278
298.1,0.0,107.5,163.6,12.8,953.2,784.0,28,35.87,0.5488091244548808
313.3,145.0,0.0,178.5,8.0,1001.9,688.7,28,41.05,0.5697414618576444
155.2,183.9,143.2,193.8,9.2,879.6,698.5,28,28.99,1.2487113402061858
289.0,133.7,0.0,194.9,5.5,924.1,760.1,28,46.25,0.6743944636678201
147.8,175.1,0.0,171.2,2.2,1000.0,828.5,28,26.92,1.1583220568335586
145.4,0.0,178.9,201.7,7.8,824.0,868.7,28,10.54,1.3872077028885832
312.7,0.0,0.0,178.1,8.0,999.7,822.2,28,25.1,0.5695554844899264
136.4,161.6,125.8,171.6,10.4,922.6,764.4,28,29.07,1.2580645161290323
154.8,0.0,142.8,193.3,9.1,877.2,867.7,28,9.74,1.2487080103359174
255.3,98.8,77.0,188.6,6.5,919.0,749.3,28,33.8,0.7387387387387386
272.8,105.1,81.8,209.7,9.0,904.0,679.7,28,37.17,0.7686950146627565
162.0,190.1,148.1,178.8,18.8,838.1,741.4,28,33.76,1.1037037037037039
153.6,144.2,112.3,220.1,10.1,923.2,657.9,28,16.5,1.4329427083333333
146.5,114.6,89.3,201.9,8.8,860.0,829.5,28,19.99,1.3781569965870308
151.8,178.1,138.7,167.5,18.3,944.0,694.6,28,36.35,1.103425559947299
309.9,142.8,111.2,167.8,22.1,913.9,651.2,28,38.22,0.5414649887060343
143.6,0.0,174.9,158.4,17.9,942.7,844.5,28,15.42,1.1030640668523677
303.6,139.9,0.0,213.5,6.2,895.5,722.5,28,33.42,0.703227931488801
374.3,0.0,0.0,190.2,6.7,1013.2,730.4,28,39.06,0.5081485439487042
158.6,148.9,116.0,175.1,15.0,953.3,719.7,28,27.68,1.1040353089533417
152.6,238.7,0.0,200.0,6.3,1001.8,683.9,28,26.86,1.3106159895150722
310.0,142.8,0.0,167.9,10.0,914.3,804.0,28,45.3,0.5416129032258065
304.8,0.0,99.6,196.0,9.8,959.4,705.2,28,30.12,0.6430446194225722
150.9,0.0,183.9,166.6,11.6,991.2,772.2,28,15.57,1.1040424121935055
141.9,166.6,129.7,173.5,10.9,882.6,785.3,28,44.61,1.222692036645525
297.8,137.2,106.9,201.3,6.0,878.4,655.3,28,53.52,0.6759570181329752
321.3,164.2,0.0,190.5,4.6,870.0,774.0,28,57.22,0.5929038281979458
366.0,187.0,0.0,191.3,6.6,824.3,756.9,28,65.91,0.5226775956284153
279.8,128.9,100.4,172.4,9.5,825.1,804.9,28,52.83,0.6161543959971408
252.1,97.1,75.6,193.8,8.3,835.5,821.4,28,33.4,0.7687425624752083
164.6,0.0,150.4,181.6,11.7,1023.3,728.9,28,18.03,1.103280680437424
155.6,243.5,0.0,180.3,10.7,1022.0,697.7,28,37.36,1.1587403598971724
160.2,188.0,146.4,203.2,11.3,828.7,709.7,28,35.31,1.268414481897628
298.1,0.0,107.0,186.4,6.1,879.0,815.2,28,42.64,0.6252935256625293
317.9,0.0,126.5,209.7,5.7,860.5,736.6,28,40.06,0.6596413966656182
287.3,120.5,93.9,187.6,9.2,904.4,695.9,28,43.8,0.6529759832927253
325.6,166.4,0.0,174.0,8.9,881.6,790.0,28,61.24,0.5343980343980343
355.9,0.0,141.6,193.3,11.0,801.4,778.4,28,40.87,0.543130092722675
132.0,206.5,160.9,178.9,5.5,866.9,735.6,28,33.31,1.3553030303030305
322.5,148.6,0.0,185.8,8.5,951.0,709.5,28,52.43,0.576124031007752
164.2,0.0,200.1,181.2,12.6,849.3,846.0,28,15.09,1.1035322777101095
313.8,0.0,112.6,169.9,10.1,925.3,782.9,28,38.46,0.541427660930529
321.4,0.0,127.9,182.5,11.5,870.1,779.7,28,37.27,0.5678282514001245
139.7,163.9,127.7,236.7,5.8,868.6,655.6,28,35.23,1.6943450250536864
288.4,121.0,0.0,177.4,7.0,907.9,829.5,28,42.14,0.615117891816921
298.2,0.0,107.0,209.7,11.1,879.6,744.2,28,31.88,0.7032193158953722
264.5,111.0,86.5,195.5,5.9,832.6,790.4,28,41.54,0.7391304347826086
159.8,250.0,0.0,168.4,12.2,1049.3,688.2,28,39.46,1.053817271589487
166.0,259.7,0.0,183.2,12.7,858.8,826.8,28,37.92,1.1036144578313252
276.4,116.0,90.3,179.6,8.9,870.1,768.3,28,44.28,0.6497829232995659
322.2,0.0,115.6,196.0,10.4,817.9,813.4,28,31.18,0.6083178150217257
148.5,139.4,108.6,192.7,6.1,892.4,780.0,28,23.7,1.2976430976430975
159.1,186.7,0.0,175.6,11.3,989.6,788.9,28,32.77,1.103708359522313
260.9,100.5,78.3,200.6,8.6,864.5,761.5,28,32.4,0.7688769643541588
