Cement,Slag,FlyAsh,Water,SP,CoarseAgg,FineAgg,Age,Strength,WC_Ratio,Strength_Class
540.0,0.0,0.0,162.0,2.5,1040.0,676.0,28,64.50958003864815,0.3,High
540.0,0.0,0.0,162.0,2.5,1055.0,676.0,28,63.60694513792272,0.3,High
332.5,142.5,0.0,228.0,0.0,932.0,594.0,270,40.27,0.685714286,Medium
332.5,142.5,0.0,228.0,0.0,932.0,594.0,365,41.05,0.685714286,Medium
198.6,132.4,0.0,192.0,0.0,978.4,825.5,360,44.3,0.966767372,Medium
266.0,114.0,0.0,228.0,0.0,932.0,670.0,90,44.456748395242485,0.857142857,High
380.0,95.0,0.0,228.0,0.0,932.0,594.0,365,43.7,0.6,Medium
380.0,95.0,0.0,228.0,0.0,932.0,594.0,28,37.080377216358144,0.6,Medium
266.0,114.0,0.0,228.0,0.0,932.0,670.0,28,34.457897413173335,0.857142857,Medium
475.0,0.0,0.0,228.0,0.0,932.0,594.0,28,40.62519654461685,0.48,Medium
198.6,132.4,0.0,192.0,0.0,978.4,825.5,90,38.734928020007715,0.966767372,Medium
198.6,132.4,0.0,192.0,0.0,978.4,825.5,28,24.825667825826137,0.966767372,Low
427.5,47.5,0.0,228.0,0.0,932.0,594.0,270,43.01,0.533333333,Medium
190.0,190.0,0.0,228.0,0.0,932.0,670.0,90,38.34615902274287,1.2,Medium
304.0,76.0,0.0,228.0,0.0,932.0,670.0,28,35.62751867242736,0.75,High
380.0,0.0,0.0,228.0,0.0,932.0,670.0,90,44.43840283230354,0.6,High
139.6,209.4,0.0,192.0,0.0,1047.0,806.9,90,37.71962206335422,1.375358166,Medium
342.0,38.0,0.0,228.0,0.0,932.0,670.0,365,56.14,0.666666667,High
380.0,95.0,0.0,228.0,0.0,932.0,594.0,90,46.8666010259572,0.6,Medium
475.0,0.0,0.0,228.0,0.0,932.0,594.0,180,42.62,0.48,Medium
427.5,47.5,0.0,228.0,0.0,932.0,594.0,180,41.84,0.533333333,Medium
139.6,209.4,0.0,192.0,0.0,1047.0,806.9,28,24.1011130581661,1.375358166,Low
139.6,209.4,0.0,192.0,0.0,1047.0,806.9,3,8.562000534198846,1.375358166,Low
139.6,209.4,0.0,192.0,0.0,1047.0,806.9,180,44.21,1.375358166,Medium
380.0,0.0,0.0,228.0,0.0,932.0,670.0,365,52.52,0.6,High
380.0,0.0,0.0,228.0,0.0,932.0,670.0,270,53.3,0.6,High
380.0,95.0,0.0,228.0,0.0,932.0,594.0,270,41.15,0.6,Medium
342.0,38.0,0.0,228.0,0.0,932.0,670.0,180,52.12,0.666666667,High
427.5,47.5,0.0,228.0,0.0,932.0,594.0,28,39.522945424846526,0.533333333,Medium
475.0,0.0,0.0,228.0,0.0,932.0,594.0,7,31.71489346277772,0.48,Medium
304.0,76.0,0.0,228.0,0.0,932.0,670.0,365,55.26,0.75,High
266.0,114.0,0.0,228.0,0.0,932.0,670.0,365,52.91,0.857142857,High
198.6,132.4,0.0,192.0,0.0,978.4,825.5,180,41.72,0.966767372,Medium
475.0,0.0,0.0,228.0,0.0,932.0,594.0,270,42.13,0.48,Medium
190.0,190.0,0.0,228.0,0.0,932.0,670.0,365,53.69,1.2,High
237.5,237.5,0.0,228.0,0.0,932.0,594.0,270,38.41,0.96,Medium
237.5,237.5,0.0,228.0,0.0,932.0,594.0,28,31.1044866285266,0.96,Low
332.5,142.5,0.0,228.0,0.0,932.0,594.0,90,45.88854883641294,0.685714286,Medium
475.0,0.0,0.0,228.0,0.0,932.0,594.0,90,49.667751783101366,0.48,Medium
237.5,237.5,0.0,228.0,0.0,932.0,594.0,180,36.25,0.96,Medium
342.0,38.0,0.0,228.0,0.0,932.0,670.0,90,44.7577608465333,0.666666667,High
427.5,47.5,0.0,228.0,0.0,932.0,594.0,365,43.7,0.533333333,Medium
237.5,237.5,0.0,228.0,0.0,932.0,594.0,365,39.0,0.96,Medium
380.0,0.0,0.0,228.0,0.0,932.0,670.0,180,53.1,0.6,High
427.5,47.5,0.0,228.0,0.0,932.0,594.0,90,48.431405590584774,0.533333333,Medium
427.5,47.5,0.0,228.0,0.0,932.0,594.0,7,30.573083962165192,0.533333333,Medium
349.0,0.0,0.0,192.0,0.0,1047.0,806.9,3,14.536528946639127,0.550143266,Low
380.0,95.0,0.0,228.0,0.0,932.0,594.0,180,40.76,0.6,Medium
237.5,237.5,0.0,228.0,0.0,932.0,594.0,7,20.939700100208626,0.96,Low
380.0,95.0,0.0,228.0,0.0,932.0,594.0,7,27.753896086862,0.6,Medium
332.5,142.5,0.0,228.0,0.0,932.0,594.0,180,39.78,0.685714286,Medium
190.0,190.0,0.0,228.0,0.0,932.0,670.0,180,46.93,1.2,High
237.5,237.5,0.0,228.0,0.0,932.0,594.0,90,42.86390418791108,0.96,Medium
304.0,76.0,0.0,228.0,0.0,932.0,670.0,90,45.06306038733324,0.75,High
139.6,209.4,0.0,192.0,0.0,1047.0,806.9,7,13.242742147314102,1.375358166,Low
198.6,132.4,0.0,192.0,0.0,978.4,825.5,7,13.828197197833942,0.966767372,Low
475.0,0.0,0.0,228.0,0.0,932.0,594.0,365,41.93,0.48,Medium
198.6,132.4,0.0,192.0,0.0,978.4,825.5,3,9.118629094674093,0.966767372,Low
304.0,76.0,0.0,228.0,0.0,932.0,670.0,180,50.95,0.75,High
332.5,142.5,0.0,228.0,0.0,932.0,594.0,28,35.079410840693846,0.685714286,Medium
304.0,76.0,0.0,228.0,0.0,932.0,670.0,270,54.38,0.75,High
266.0,114.0,0.0,228.0,0.0,932.0,670.0,270,51.73,0.857142857,High
310.0,0.0,0.0,192.0,0.0,971.0,850.6,3,12.963555395419059,0.619354839,Low
190.0,190.0,0.0,228.0,0.0,932.0,670.0,270,50.66,1.2,High
266.0,114.0,0.0,228.0,0.0,932.0,670.0,180,48.7,0.857142857,High
342.0,38.0,0.0,228.0,0.0,932.0,670.0,270,55.06,0.666666667,High
139.6,209.4,0.0,192.0,0.0,1047.0,806.9,360,44.7,1.375358166,Medium
332.5,142.5,0.0,228.0,0.0,932.0,594.0,7,25.335238003586625,0.685714286,Low
190.0,190.0,0.0,228.0,0.0,932.0,670.0,28,27.6995265940976,1.2,Medium
485.0,0.0,0.0,146.0,0.0,1120.0,800.0,28,63.66729350043098,0.301030928,High
374.0,189.2,0.0,170.1,10.1,926.1,756.7,3,39.7330639673462,0.454812834,Medium
313.3,262.2,0.0,175.5,8.6,1046.9,611.8,3,37.10633275937778,0.560165975,Low
425.0,106.3,0.0,153.5,16.5,852.1,887.1,3,39.36411610689438,0.361176471,Medium
425.0,106.3,0.0,151.4,18.6,936.0,803.7,3,41.86002802590224,0.356235294,Medium
375.0,93.8,0.0,126.6,23.4,852.1,992.6,3,37.62358257603018,0.3376,Low
475.0,118.8,0.0,181.1,8.9,852.1,781.5,3,43.12739158789136,0.381263158,Medium
469.0,117.2,0.0,137.8,32.2,852.1,840.5,3,47.061525920662135,0.293816631,Medium
425.0,106.3,0.0,153.5,16.5,852.1,887.1,3,39.36411610689438,0.361176471,Medium
388.6,97.1,0.0,157.9,12.1,852.1,925.7,3,32.019388376780455,0.406330417,Low
531.3,0.0,0.0,141.8,28.2,852.1,893.7,3,43.51217826976669,0.266892528,Medium
425.0,106.3,0.0,153.5,16.5,852.1,887.1,3,39.36411610689438,0.361176471,Medium
318.8,212.5,0.0,155.7,14.3,852.1,880.4,3,32.92806388657513,0.488393977,Low
401.8,94.7,0.0,147.4,11.4,946.8,852.1,3,41.47014637167149,0.366849179,Medium
362.6,189.0,0.0,164.9,11.6,944.7,755.8,3,40.00534845479603,0.454771098,Medium
323.7,282.8,0.0,183.8,10.3,942.7,659.9,3,38.582411859738784,0.5678097,Low
379.5,151.2,0.0,153.9,15.9,1134.3,605.0,3,37.59302562628382,0.405533597,Low
362.6,189.0,0.0,164.9,11.6,944.7,755.8,3,40.00534845479603,0.454771098,Medium
286.3,200.9,0.0,144.7,11.2,1004.6,803.7,3,35.89773682160958,0.505413902,Low
362.6,189.0,0.0,164.9,11.6,944.7,755.8,3,40.00534845479603,0.454771098,Medium
439.0,177.0,0.0,186.0,11.1,884.9,707.9,3,42.3489514076818,0.423690205,Medium
389.9,189.0,0.0,145.9,22.0,944.7,755.8,3,46.368641428283176,0.374198512,Medium
362.6,189.0,0.0,164.9,11.6,944.7,755.8,3,40.00534845479603,0.454771098,Medium
337.9,189.0,0.0,174.9,9.5,944.7,755.8,3,32.85314945449712,0.51760876,Low
374.0,189.2,0.0,170.1,10.1,926.1,756.7,7,45.134324914539285,0.454812834,High
313.3,262.2,0.0,175.5,8.6,1046.9,611.8,7,42.858244061790714,0.560165975,Medium
425.0,106.3,0.0,153.5,16.5,852.1,887.1,7,44.935736665598704,0.361176471,High
425.0,106.3,0.0,151.4,18.6,936.0,803.7,7,47.31195767462483,0.356235294,High
375.0,93.8,0.0,126.6,23.4,852.1,992.6,7,43.4185462686609,0.3376,Medium
475.0,118.8,0.0,181.1,8.9,852.1,781.5,7,48.28190560758468,0.381263158,High
469.0,117.2,0.0,137.8,32.2,852.1,840.5,7,53.17749841475312,0.293816631,High
425.0,106.3,0.0,153.5,16.5,852.1,887.1,7,44.935736665598704,0.361176471,High
388.6,97.1,0.0,157.9,12.1,852.1,925.7,7,37.45700343361844,0.406330417,Medium
531.3,0.0,0.0,141.8,28.2,852.1,893.7,7,49.159419345605684,0.266892528,High
425.0,106.3,0.0,153.5,16.5,852.1,887.1,7,44.935736665598704,0.361176471,High
318.8,212.5,0.0,155.7,14.3,852.1,880.4,7,38.70556934894881,0.488393977,Medium
401.8,94.7,0.0,147.4,11.4,946.8,852.1,7,46.73641981557441,0.366849179,High
362.6,189.0,0.0,164.9,11.6,944.7,755.8,7,45.53968891589655,0.454771098,High
323.7,282.8,0.0,183.8,10.3,942.7,659.9,7,44.27963293523922,0.5678097,High
379.5,151.2,0.0,153.9,15.9,1134.3,605.0,7,42.980967960305335,0.405533597,High
362.6,189.0,0.0,164.9,11.6,944.7,755.8,7,45.53968891589655,0.454771098,High
286.3,200.9,0.0,144.7,11.2,1004.6,803.7,7,41.62367072109702,0.505413902,Medium
362.6,189.0,0.0,164.9,11.6,944.7,755.8,7,45.53968891589655,0.454771098,High
439.0,177.0,0.0,186.0,11.1,884.9,707.9,7,47.59706422529249,0.423690205,High
389.9,189.0,0.0,145.9,22.0,944.7,755.8,7,52.24063287390938,0.374198512,High
362.6,189.0,0.0,164.9,11.6,944.7,755.8,7,45.53968891589655,0.454771098,Low
337.9,189.0,0.0,174.9,9.5,944.7,755.8,7,38.309703842508995,0.51760876,Medium
374.0,189.2,0.0,170.1,10.1,926.1,756.7,28,58.82708294897603,0.454812834,High
313.3,262.2,0.0,175.5,8.6,1046.9,611.8,28,58.583135317853746,0.560165975,High
425.0,106.3,0.0,153.5,16.5,852.1,887.1,28,59.01447459085881,0.361176471,High
425.0,106.3,0.0,151.4,18.6,936.0,803.7,28,60.68560331878181,0.356235294,High
375.0,93.8,0.0,126.6,23.4,852.1,992.6,28,58.12702057270995,0.3376,High
475.0,118.8,0.0,181.1,8.9,852.1,781.5,28,60.763293889137515,0.381263158,High
469.0,117.2,0.0,137.8,32.2,852.1,840.5,28,68.97658741017887,0.293816631,High
425.0,106.3,0.0,153.5,16.5,852.1,887.1,28,59.01447459085881,0.361176471,High
388.6,97.1,0.0,157.9,12.1,852.1,925.7,28,51.15837721514934,0.406330417,High
531.3,0.0,0.0,141.8,28.2,852.1,893.7,28,62.8546695992521,0.266892528,High
425.0,106.3,0.0,153.5,16.5,852.1,887.1,28,59.01447459085881,0.361176471,High
318.8,212.5,0.0,155.7,14.3,852.1,880.4,28,53.97117545007315,0.488393977,High
401.8,94.7,0.0,147.4,11.4,946.8,852.1,28,59.63755913031415,0.366849179,High
362.6,189.0,0.0,164.9,11.6,944.7,755.8,28,59.8316849287917,0.454771098,High
323.7,282.8,0.0,183.8,10.3,942.7,659.9,28,59.520769079607916,0.5678097,High
379.5,151.2,0.0,153.9,15.9,1134.3,605.0,28,56.36351353160159,0.405533597,High
362.6,189.0,0.0,164.9,11.6,944.7,755.8,28,59.8316849287917,0.454771098,High
286.3,200.9,0.0,144.7,11.2,1004.6,803.7,28,56.945293520701,0.505413902,High
362.6,189.0,0.0,164.9,11.6,944.7,755.8,28,59.8316849287917,0.454771098,High
439.0,177.0,0.0,186.0,11.1,884.9,707.9,28,60.42950596827778,0.423690205,High
389.9,189.0,0.0,145.9,22.0,944.7,755.8,28,67.52805192063803,0.374198512,High
362.6,189.0,0.0,164.9,11.6,944.7,755.8,28,59.8316849287917,0.454771098,High
337.9,189.0,0.0,174.9,9.5,944.7,755.8,28,52.373022403793584,0.51760876,High
374.0,189.2,0.0,170.1,10.1,926.1,756.7,56,67.99336777625253,0.454812834,High
313.3,262.2,0.0,175.5,8.6,1046.9,611.8,56,70.95865155158052,0.560165975,High
425.0,106.3,0.0,153.5,16.5,852.1,887.1,56,67.36675964606347,0.361176471,High
425.0,106.3,0.0,151.4,18.6,936.0,803.7,56,67.89728064443229,0.356235294,High
375.0,93.8,0.0,126.6,23.4,852.1,992.6,56,65.90040499267215,0.3376,High
475.0,118.8,0.0,181.1,8.9,852.1,781.5,56,68.53408048536066,0.381263158,High
469.0,117.2,0.0,137.8,32.2,852.1,840.5,56,76.65001828302096,0.293816631,High
425.0,106.3,0.0,153.5,16.5,852.1,887.1,56,67.36675964606347,0.361176471,High
388.6,97.1,0.0,157.9,12.1,852.1,925.7,56,59.85989016072627,0.406330417,High
531.3,0.0,0.0,141.8,28.2,852.1,893.7,56,68.65598274409928,0.266892528,High
425.0,106.3,0.0,153.5,16.5,852.1,887.1,56,67.36675964606347,0.361176471,High
318.8,212.5,0.0,155.7,14.3,852.1,880.4,56,64.1829005935499,0.488393977,High
401.8,94.7,0.0,147.4,11.4,946.8,852.1,56,67.531617117333,0.366849179,High
362.6,189.0,0.0,164.9,11.6,944.7,755.8,56,69.5371220653667,0.454771098,High
323.7,282.8,0.0,183.8,10.3,942.7,659.9,56,70.73741746243499,0.5678097,High
379.5,151.2,0.0,153.9,15.9,1134.3,605.0,56,64.48824778219122,0.405533597,High
362.6,189.0,0.0,164.9,11.6,944.7,755.8,56,69.5371220653667,0.454771098,High
286.3,200.9,0.0,144.7,11.2,1004.6,803.7,56,68.08566458791147,0.505413902,High
362.6,189.0,0.0,164.9,11.6,944.7,755.8,56,69.5371220653667,0.454771098,High
439.0,177.0,0.0,186.0,11.1,884.9,707.9,56,68.30160020994103,0.423690205,High
389.9,189.0,0.0,145.9,22.0,944.7,755.8,56,76.52952389994262,0.374198512,High
362.6,189.0,0.0,164.9,11.6,944.7,755.8,56,69.5371220653667,0.454771098,High
337.9,189.0,0.0,174.9,9.5,944.7,755.8,56,62.24316183662561,0.51760876,High
374.0,189.2,0.0,170.1,10.1,926.1,756.7,91,64.9,0.454812834,High
313.3,262.2,0.0,175.5,8.6,1046.9,611.8,91,66.6,0.560165975,High
425.0,106.3,0.0,153.5,16.5,852.1,887.1,91,65.2,0.361176471,High
425.0,106.3,0.0,151.4,18.6,936.0,803.7,91,66.7,0.356235294,High
375.0,93.8,0.0,126.6,23.4,852.1,992.6,91,62.5,0.3376,High
475.0,118.8,0.0,181.1,8.9,852.1,781.5,91,74.19,0.381263158,High
469.0,117.2,0.0,137.8,32.2,852.1,840.5,91,70.7,0.293816631,High
425.0,106.3,0.0,153.5,16.5,852.1,887.1,91,65.2,0.361176471,High
388.6,97.1,0.0,157.9,12.1,852.1,925.7,91,57.6,0.406330417,High
531.3,0.0,0.0,141.8,28.2,852.1,893.7,91,59.2,0.266892528,High
425.0,106.3,0.0,153.5,16.5,852.1,887.1,91,65.2,0.361176471,High
318.8,212.5,0.0,155.7,14.3,852.1,880.4,91,68.1,0.488393977,High
401.8,94.7,0.0,147.4,11.4,946.8,852.1,91,75.5,0.366849179,High
362.6,189.0,0.0,164.9,11.6,944.7,755.8,91,79.3,0.454771098,High
379.5,151.2,0.0,153.9,15.9,1134.3,605.0,91,56.5,0.405533597,High
362.6,189.0,0.0,164.9,11.6,944.7,755.8,91,79.3,0.454771098,High
286.3,200.9,0.0,144.7,11.2,1004.6,803.7,91,76.8,0.505413902,High
362.6,189.0,0.0,164.9,11.6,944.7,755.8,91,79.3,0.454771098,High
439.0,177.0,0.0,186.0,11.1,884.9,707.9,91,73.3,0.423690205,High
389.9,189.0,0.0,145.9,22.0,944.7,755.8,91,82.6,0.374198512,High
362.6,189.0,0.0,164.9,11.6,944.7,755.8,91,79.3,0.454771098,High
337.9,189.0,0.0,174.9,9.5,944.7,755.8,91,67.8,0.51760876,High
222.4,0.0,96.7,189.3,4.5,967.1,870.3,3,9.891825512940427,0.851169065,Low
222.4,0.0,96.7,189.3,4.5,967.1,870.3,14,19.699990797822224,0.851169065,Low
222.4,0.0,96.7,189.3,4.5,967.1,870.3,28,26.03791999982692,0.851169065,Low
222.4,0.0,96.7,189.3,4.5,967.1,870.3,56,33.341220065507684,0.851169065,Low
222.4,0.0,96.7,189.3,4.5,967.1,870.3,100,40.71,0.851169065,Medium
233.8,0.0,94.6,197.9,4.6,947.0,852.2,3,9.06753492165789,0.846449957,Low
233.8,0.0,94.6,197.9,4.6,947.0,852.2,14,18.791269735477027,0.846449957,Low
233.8,0.0,94.6,197.9,4.6,947.0,852.2,28,25.026574252909498,0.846449957,Low
233.8,0.0,94.6,197.9,4.6,947.0,852.2,56,32.140866589298355,0.846449957,Low
233.8,0.0,94.6,197.9,4.6,947.0,852.2,100,34.56,0.846449957,Medium
194.7,0.0,100.5,165.6,7.5,1006.4,905.9,3,11.631009248685748,0.850539291,Low
194.7,0.0,100.5,165.6,7.5,1006.4,905.9,14,21.99994662471783,0.850539291,Low
194.7,0.0,100.5,165.6,7.5,1006.4,905.9,28,28.889706014162442,0.850539291,Low
194.7,0.0,100.5,165.6,7.5,1006.4,905.9,56,36.75275826101558,0.850539291,Medium
194.7,0.0,100.5,165.6,7.5,1006.4,905.9,100,37.34,0.850539291,Medium
190.7,0.0,125.4,162.1,7.8,1090.0,804.0,3,12.640916858015173,0.850026219,Low
190.7,0.0,125.4,162.1,7.8,1090.0,804.0,14,22.955288074202855,0.850026219,Low
190.7,0.0,125.4,162.1,7.8,1090.0,804.0,28,29.782739912144287,0.850026219,Low
190.7,0.0,125.4,162.1,7.8,1090.0,804.0,56,37.54517407969273,0.850026219,Medium
190.7,0.0,125.4,162.1,7.8,1090.0,804.0,100,40.57,0.850026219,Medium
212.1,0.0,121.6,180.3,5.7,1057.6,779.3,3,9.727461134645269,0.850070721,Low
212.1,0.0,121.6,180.3,5.7,1057.6,779.3,14,19.67476401541902,0.850070721,Low
212.1,0.0,121.6,180.3,5.7,1057.6,779.3,28,26.149447894123348,0.850070721,Low
212.1,0.0,121.6,180.3,5.7,1057.6,779.3,56,33.590758208345946,0.850070721,Medium
212.1,0.0,121.6,180.3,5.7,1057.6,779.3,100,39.61,0.850070721,Medium
230.0,0.0,118.3,195.5,4.6,1029.4,758.6,3,9.88137235035761,0.85,Low
230.0,0.0,118.3,195.5,4.6,1029.4,758.6,14,19.569056829603955,0.85,Low
230.0,0.0,118.3,195.5,4.6,1029.4,758.6,28,25.77815708883292,0.85,Low
230.0,0.0,118.3,195.5,4.6,1029.4,758.6,56,32.90615566229948,0.85,Medium
230.0,0.0,118.3,195.5,4.6,1029.4,758.6,100,35.34,0.85,Medium
190.3,0.0,125.2,161.9,9.9,1088.1,802.6,3,12.37429155550207,0.850761955,Low
190.3,0.0,125.2,161.9,9.9,1088.1,802.6,14,23.031778831589083,0.850761955,Low
190.3,0.0,125.2,161.9,9.9,1088.1,802.6,28,30.19791998186934,0.850761955,Low
190.3,0.0,125.2,161.9,9.9,1088.1,802.6,56,38.30843016512861,0.850761955,Medium
190.3,0.0,125.2,161.9,9.9,1088.1,802.6,100,40.39,0.850761955,Medium
166.1,0.0,163.3,176.5,4.5,1058.6,780.1,3,7.862656709799834,1.062612884,Low
166.1,0.0,163.3,176.5,4.5,1058.6,780.1,14,17.550384581227576,1.062612884,Low
166.1,0.0,163.3,176.5,4.5,1058.6,780.1,28,23.72426189285904,1.062612884,Low
166.1,0.0,163.3,176.5,4.5,1058.6,780.1,56,30.663284759629093,1.062612884,Low
166.1,0.0,163.3,176.5,4.5,1058.6,780.1,100,33.54,1.062612884,Medium
168.0,42.1,163.8,121.8,5.7,1058.7,780.1,3,15.174020056619858,0.725,Low
168.0,42.1,163.8,121.8,5.7,1058.7,780.1,14,26.018871553326072,0.725,Low
168.0,42.1,163.8,121.8,5.7,1058.7,780.1,28,33.51317409224197,0.725,Low
168.0,42.1,163.8,121.8,5.7,1058.7,780.1,56,42.58139485453891,0.725,Medium
168.0,42.1,163.8,121.8,5.7,1058.7,780.1,100,39.23,0.725,Medium
213.7,98.1,24.5,181.7,6.9,1065.8,785.4,3,14.358104574854718,0.85025737,Low
213.7,98.1,24.5,181.7,6.9,1065.8,785.4,14,25.104508733814313,0.85025737,Low
213.7,98.1,24.5,181.7,6.9,1065.8,785.4,28,32.59632179533419,0.85025737,Medium
213.7,98.1,24.5,181.7,6.9,1065.8,785.4,56,42.07219793084681,0.85025737,High
213.7,98.1,24.5,181.7,6.9,1065.8,785.4,100,53.9,0.85025737,High
213.8,98.1,24.5,181.7,6.7,1066.0,785.5,3,14.774497073348748,0.849859682,Low
213.8,98.1,24.5,181.7,6.7,1066.0,785.5,14,25.50067599052806,0.849859682,Low
213.8,98.1,24.5,181.7,6.7,1066.0,785.5,28,32.97606554352305,0.849859682,Medium
213.8,98.1,24.5,181.7,6.7,1066.0,785.5,56,42.45039826146269,0.849859682,High
213.8,98.1,24.5,181.7,6.7,1066.0,785.5,100,49.97,0.849859682,High
229.7,0.0,118.2,195.2,6.1,1028.1,757.6,3,9.33237734713205,0.849804092,Low
229.7,0.0,118.2,195.2,6.1,1028.1,757.6,14,19.229202231437256,0.849804092,Low
229.7,0.0,118.2,195.2,6.1,1028.1,757.6,28,25.63427871818812,0.849804092,Low
229.7,0.0,118.2,195.2,6.1,1028.1,757.6,56,32.918356703161336,0.849804092,Medium
229.7,0.0,118.2,195.2,6.1,1028.1,757.6,100,40.86,0.849804092,Medium
238.1,0.0,94.1,186.7,7.0,949.9,847.0,3,11.895517801579876,0.784124318,Low
238.1,0.0,94.1,186.7,7.0,949.9,847.0,14,22.33161472601379,0.784124318,Low
238.1,0.0,94.1,186.7,7.0,949.9,847.0,28,29.351084357610617,0.784124318,Low
238.1,0.0,94.1,186.7,7.0,949.9,847.0,56,37.622183833515344,0.784124318,Medium
238.1,0.0,94.1,186.7,7.0,949.9,847.0,100,44.3,0.784124318,Medium
250.0,0.0,95.7,187.4,5.5,956.9,861.2,3,11.99114375829313,0.7496,Low
250.0,0.0,95.7,187.4,5.5,956.9,861.2,14,22.14304305422897,0.7496,Low
250.0,0.0,95.7,187.4,5.5,956.9,861.2,28,28.855244155695406,0.7496,Low
250.0,0.0,95.7,187.4,5.5,956.9,861.2,56,36.694717863057846,0.7496,Medium
250.0,0.0,95.7,187.4,5.5,956.9,861.2,100,42.35,0.7496,Medium
212.5,0.0,100.4,159.3,8.7,1007.8,903.6,3,14.689167641900985,0.749647059,Low
212.5,0.0,100.4,159.3,8.7,1007.8,903.6,14,25.300095554384406,0.749647059,Low
212.5,0.0,100.4,159.3,8.7,1007.8,903.6,28,32.42342805274053,0.749647059,Medium
212.5,0.0,100.4,159.3,8.7,1007.8,903.6,56,40.50359616375135,0.749647059,Medium
212.5,0.0,100.4,159.3,8.7,1007.8,903.6,100,42.92,0.749647059,Medium
212.6,0.0,100.4,159.4,10.4,1003.8,903.8,3,14.059174005493306,0.749764817,Low
212.6,0.0,100.4,159.4,10.4,1003.8,903.8,14,24.936838008159985,0.749764817,Low
212.6,0.0,100.4,159.4,10.4,1003.8,903.8,28,32.319101174750934,0.749764817,Medium
212.6,0.0,100.4,159.4,10.4,1003.8,903.8,56,40.646471756660375,0.749764817,Medium
212.6,0.0,100.4,159.4,10.4,1003.8,903.8,100,47.74,0.749764817,High
212.0,0.0,124.8,159.0,7.8,1085.4,799.5,3,16.099163285473693,0.75,Low
212.0,0.0,124.8,159.0,7.8,1085.4,799.5,14,26.481283152569848,0.75,Medium
212.0,0.0,124.8,159.0,7.8,1085.4,799.5,28,33.378646813187935,0.75,Medium
212.0,0.0,124.8,159.0,7.8,1085.4,799.5,56,41.22608219607508,0.75,Medium
212.0,0.0,124.8,159.0,7.8,1085.4,799.5,100,47.82,0.75,High
231.8,0.0,121.6,174.0,6.7,1056.4,778.5,3,14.717494189720119,0.75064711,Low
231.8,0.0,121.6,174.0,6.7,1056.4,778.5,14,25.02380474196928,0.75064711,Low
231.8,0.0,121.6,174.0,6.7,1056.4,778.5,28,31.88861432746549,0.75064711,Medium
231.8,0.0,121.6,174.0,6.7,1056.4,778.5,56,39.88574841483376,0.75064711,Medium
231.8,0.0,121.6,174.0,6.7,1056.4,778.5,100,45.84,0.75064711,Medium
251.4,0.0,118.3,188.5,5.8,1028.4,757.7,3,14.204522539505396,0.749801114,Low
251.4,0.0,118.3,188.5,5.8,1028.4,757.7,14,24.32796470047915,0.749801114,Low
251.4,0.0,118.3,188.5,5.8,1028.4,757.7,28,31.014377971592808,0.749801114,Low
251.4,0.0,118.3,188.5,5.8,1028.4,757.7,56,38.83732153772085,0.749801114,Medium
251.4,0.0,118.3,188.5,5.8,1028.4,757.7,100,43.58,0.749801114,Medium
251.4,0.0,118.3,188.5,6.4,1028.4,757.7,3,14.241983185920956,0.749801114,Low
251.4,0.0,118.3,188.5,6.4,1028.4,757.7,14,24.434934316678493,0.749801114,Low
251.4,0.0,118.3,188.5,6.4,1028.4,757.7,28,31.181546014038794,0.749801114,Medium
251.4,0.0,118.3,188.5,6.4,1028.4,757.7,56,39.02990786172201,0.749801114,Medium
251.4,0.0,118.3,188.5,6.4,1028.4,757.7,100,44.21,0.749801114,Medium
181.4,0.0,167.0,169.6,7.6,1055.6,777.8,3,10.922238625957919,0.934950386,Low
181.4,0.0,167.0,169.6,7.6,1055.6,777.8,14,21.582143153512636,0.934950386,Low
181.4,0.0,167.0,169.6,7.6,1055.6,777.8,28,28.82178259755033,0.934950386,Low
181.4,0.0,167.0,169.6,7.6,1055.6,777.8,56,37.31591493540307,0.934950386,Medium
181.4,0.0,167.0,169.6,7.6,1055.6,777.8,100,45.37,0.934950386,Medium
182.0,45.2,122.0,170.2,8.2,1059.4,780.7,3,13.410573207890623,0.935164835,Low
182.0,45.2,122.0,170.2,8.2,1059.4,780.7,14,24.143118348166784,0.935164835,Low
182.0,45.2,122.0,170.2,8.2,1059.4,780.7,28,31.4734238478838,0.935164835,Medium
182.0,45.2,122.0,170.2,8.2,1059.4,780.7,56,40.142878777994994,0.935164835,Medium
182.0,45.2,122.0,170.2,8.2,1059.4,780.7,100,48.67,0.935164835,High
168.9,42.2,124.3,158.3,10.8,1080.8,796.2,3,14.197177771450148,0.937240971,Low
168.9,42.2,124.3,158.3,10.8,1080.8,796.2,14,25.46635735691674,0.937240971,Low
168.9,42.2,124.3,158.3,10.8,1080.8,796.2,28,33.35007648616562,0.937240971,Low
168.9,42.2,124.3,158.3,10.8,1080.8,796.2,56,42.6909871423043,0.937240971,Medium
168.9,42.2,124.3,158.3,10.8,1080.8,796.2,100,48.15,0.937240971,High
290.4,0.0,96.2,168.1,9.4,961.2,865.0,3,20.668030311713395,0.578856749,Low
290.4,0.0,96.2,168.1,9.4,961.2,865.0,14,31.47482723786392,0.578856749,Medium
290.4,0.0,96.2,168.1,9.4,961.2,865.0,28,38.79311764818828,0.578856749,Medium
290.4,0.0,96.2,168.1,9.4,961.2,865.0,56,47.080648053396175,0.578856749,Medium
290.4,0.0,96.2,168.1,9.4,961.2,865.0,100,48.97,0.578856749,High
277.1,0.0,97.4,160.6,11.8,973.9,875.6,3,21.622810718353676,0.579574161,Low
277.1,0.0,97.4,160.6,11.8,973.9,875.6,14,32.6457114962994,0.579574161,Medium
277.1,0.0,97.4,160.6,11.8,973.9,875.6,28,40.12178802262775,0.579574161,High
277.1,0.0,97.4,160.6,11.8,973.9,875.6,56,48.330913733040035,0.579574161,High
277.1,0.0,97.4,160.6,11.8,973.9,875.6,100,55.64,0.579574161,High
295.7,0.0,95.6,171.5,8.9,955.1,859.2,3,20.42069590112097,0.579979709,Low
295.7,0.0,95.6,171.5,8.9,955.1,859.2,14,31.21099165389446,0.579979709,Medium
295.7,0.0,95.6,171.5,8.9,955.1,859.2,28,38.53470181026012,0.579979709,Medium
295.7,0.0,95.6,171.5,8.9,955.1,859.2,56,46.921848117176616,0.579979709,High
295.7,0.0,95.6,171.5,8.9,955.1,859.2,100,52.04,0.579979709,High
251.8,0.0,99.9,146.1,12.4,1006.0,899.8,3,23.43344791967395,0.580222399,Low
251.8,0.0,99.9,146.1,12.4,1006.0,899.8,14,34.34786647089028,0.580222399,Medium
251.8,0.0,99.9,146.1,12.4,1006.0,899.8,28,41.647906013490214,0.580222399,Medium
251.8,0.0,99.9,146.1,12.4,1006.0,899.8,56,49.37738229934959,0.580222399,Medium
251.8,0.0,99.9,146.1,12.4,1006.0,899.8,100,45.37,0.580222399,Medium
249.1,0.0,98.8,158.1,12.8,987.8,889.0,3,17.910291613622668,0.634684866,Low
249.1,0.0,98.8,158.1,12.8,987.8,889.0,14,29.073028077059956,0.634684866,Low
249.1,0.0,98.8,158.1,12.8,987.8,889.0,28,36.68757713065385,0.634684866,Low
249.1,0.0,98.8,158.1,12.8,987.8,889.0,56,45.04092764868619,0.634684866,Medium
249.1,0.0,98.8,158.1,12.8,987.8,889.0,100,51.06,0.634684866,High
252.3,0.0,98.8,146.3,14.2,987.8,889.0,3,21.92295529830583,0.57986524,Low
252.3,0.0,98.8,146.3,14.2,987.8,889.0,14,33.14744481123595,0.57986524,Medium
252.3,0.0,98.8,146.3,14.2,987.8,889.0,28,40.76241151457579,0.57986524,High
252.3,0.0,98.8,146.3,14.2,987.8,889.0,56,48.85391851518545,0.57986524,High
252.3,0.0,98.8,146.3,14.2,987.8,889.0,100,60.95,0.57986524,High
246.8,0.0,125.1,143.3,12.0,1086.8,800.9,3,27.251625195246127,0.580632091,Low
246.8,0.0,125.1,143.3,12.0,1086.8,800.9,14,37.910684856763474,0.580632091,Medium
246.8,0.0,125.1,143.3,12.0,1086.8,800.9,28,44.92450624791326,0.580632091,High
246.8,0.0,125.1,143.3,12.0,1086.8,800.9,56,52.211858047803084,0.580632091,High
246.8,0.0,125.1,143.3,12.0,1086.8,800.9,100,66.42,0.580632091,High
275.1,0.0,121.4,159.5,9.9,1053.6,777.5,3,25.24290698385166,0.579789168,Low
275.1,0.0,121.4,159.5,9.9,1053.6,777.5,14,35.93136058653303,0.579789168,Medium
275.1,0.0,121.4,159.5,9.9,1053.6,777.5,28,43.092144381933906,0.579789168,High
275.1,0.0,121.4,159.5,9.9,1053.6,777.5,56,51.041519010879526,0.579789168,High
275.1,0.0,121.4,159.5,9.9,1053.6,777.5,100,58.61,0.579789168,High
297.2,0.0,117.5,174.8,9.5,1022.8,753.5,3,23.638913215364994,0.588156124,Low
297.2,0.0,117.5,174.8,9.5,1022.8,753.5,14,34.325958106970575,0.588156124,Medium
297.2,0.0,117.5,174.8,9.5,1022.8,753.5,28,41.51811464323621,0.588156124,High
297.2,0.0,117.5,174.8,9.5,1022.8,753.5,56,49.64167046529515,0.588156124,High
297.2,0.0,117.5,174.8,9.5,1022.8,753.5,100,56.74,0.588156124,High
213.7,0.0,174.7,154.8,10.2,1053.5,776.4,3,19.369819182739924,0.724379972,Low
213.7,0.0,174.7,154.8,10.2,1053.5,776.4,14,30.809392488475716,0.724379972,Medium
213.7,0.0,174.7,154.8,10.2,1053.5,776.4,28,38.86877420977801,0.724379972,Medium
213.7,0.0,174.7,154.8,10.2,1053.5,776.4,56,48.422570156300985,0.724379972,High
213.7,0.0,174.7,154.8,10.2,1053.5,776.4,100,50.08,0.724379972,High
213.5,0.0,174.2,154.6,11.7,1052.3,775.5,3,19.207629289442643,0.72412178,Low
213.5,0.0,174.2,154.6,11.7,1052.3,775.5,14,30.833386152092768,0.72412178,Medium
213.5,0.0,174.2,154.6,11.7,1052.3,775.5,28,39.060087171185586,0.72412178,High
213.5,0.0,174.2,154.6,11.7,1052.3,775.5,56,48.71452626076639,0.72412178,High
213.5,0.0,174.2,154.6,11.7,1052.3,775.5,100,59.3,0.72412178,High
277.2,97.8,24.5,160.7,11.2,1061.7,782.5,3,29.10643802448954,0.57972583,Low
277.2,97.8,24.5,160.7,11.2,1061.7,782.5,14,40.22267913971172,0.57972583,High
277.2,97.8,24.5,160.7,11.2,1061.7,782.5,28,47.923465176843294,0.57972583,High
277.2,97.8,24.5,160.7,11.2,1061.7,782.5,56,56.93787573010436,0.57972583,High
277.2,97.8,24.5,160.7,11.2,1061.7,782.5,100,66.95,0.57972583,High
218.2,54.6,123.8,140.8,11.9,1075.7,792.7,3,28.047115018559232,0.64527956,Low
218.2,54.6,123.8,140.8,11.9,1075.7,792.7,14,39.38233456858252,0.64527956,Medium
218.2,54.6,123.8,140.8,11.9,1075.7,792.7,28,47.23493557310796,0.64527956,High
218.2,54.6,123.8,140.8,11.9,1075.7,792.7,56,56.12664257412294,0.64527956,High
218.2,54.6,123.8,140.8,11.9,1075.7,792.7,100,63.53,0.64527956,High
214.9,53.8,121.9,155.6,9.6,1014.3,780.6,3,20.56476633590107,0.724057701,Low
214.9,53.8,121.9,155.6,9.6,1014.3,780.6,14,31.937150484627736,0.724057701,Medium
214.9,53.8,121.9,155.6,9.6,1014.3,780.6,28,39.964895818820274,0.724057701,High
214.9,53.8,121.9,155.6,9.6,1014.3,780.6,56,49.63644810227066,0.724057701,High
214.9,53.8,121.9,155.6,9.6,1014.3,780.6,100,56.63,0.724057701,High
218.9,0.0,124.1,158.5,11.3,1078.7,794.9,3,16.836302807147106,0.72407492,Low
218.9,0.0,124.1,158.5,11.3,1078.7,794.9,14,27.62864797622423,0.72407492,Low
218.9,0.0,124.1,158.5,11.3,1078.7,794.9,28,34.88055985270841,0.72407492,Low
218.9,0.0,124.1,158.5,11.3,1078.7,794.9,56,42.87410356489167,0.72407492,Medium
218.9,0.0,124.1,158.5,11.3,1078.7,794.9,100,46.23,0.72407492,High
376.0,0.0,0.0,214.6,0.0,1003.5,762.4,3,14.647129550547183,0.570744681,Low
376.0,0.0,0.0,214.6,0.0,1003.5,762.4,14,23.41644953475454,0.570744681,Low
376.0,0.0,0.0,214.6,0.0,1003.5,762.4,28,28.770321399713566,0.570744681,Medium
376.0,0.0,0.0,214.6,0.0,1003.5,762.4,56,35.241560532281234,0.570744681,Medium
376.0,0.0,0.0,214.6,0.0,1003.5,762.4,100,43.06,0.570744681,Medium
500.0,0.0,0.0,140.0,4.0,966.0,853.0,28,66.76051356552094,0.28,High
475.0,0.0,59.0,142.0,1.9,1098.0,641.0,28,67.5481703144531,0.298947368,High
315.0,137.0,0.0,145.0,5.9,1130.0,745.0,28,63.66950824639295,0.46031746,High
505.0,0.0,60.0,195.0,0.0,1030.0,630.0,28,43.95130177116473,0.386138614,High
451.0,0.0,0.0,165.0,11.3,1030.0,745.0,28,61.180271766835375,0.365853659,High
516.0,0.0,0.0,162.0,8.2,801.0,802.0,28,49.0873224992997,0.313953488,Medium
520.0,0.0,0.0,170.0,5.2,855.0,855.0,28,56.869259619438054,0.326923077,High
528.0,0.0,0.0,185.0,6.9,920.0,720.0,28,52.32080538797661,0.350378788,High
520.0,0.0,0.0,175.0,5.2,870.0,805.0,28,55.97619529700243,0.336538462,High
385.0,0.0,136.0,158.0,20.0,903.0,768.0,28,54.802158449650655,0.41038961,High
500.1,0.0,0.0,200.0,3.0,1124.4,613.2,28,48.362592105032974,0.399920016,Medium
450.1,50.0,0.0,200.0,3.0,1124.4,613.2,28,54.77709013988908,0.444345701,Medium
397.0,17.2,158.0,167.0,20.8,967.0,633.0,28,53.79266433529135,0.420654912,High
333.0,17.5,163.0,167.0,17.9,996.0,652.0,28,49.15239837119401,0.501501502,High
334.0,17.6,158.0,189.0,15.3,967.0,633.0,28,44.721759042047594,0.565868263,Medium
405.0,0.0,0.0,175.0,0.0,1120.0,695.0,28,47.82400907156936,0.432098765,High
200.0,200.0,0.0,190.0,0.0,1145.0,660.0,28,39.53190779958439,0.95,High
516.0,0.0,0.0,162.0,8.3,801.0,802.0,28,48.951062261570286,0.313953488,Medium
145.0,116.0,119.0,184.0,5.7,833.0,880.0,28,24.01265681052275,1.268965517,Low
160.0,128.0,122.0,182.0,6.4,824.0,879.0,28,27.26287370070424,1.1375,Medium
234.0,156.0,0.0,189.0,5.9,981.0,760.0,28,34.58784068740364,0.807692308,Medium
250.0,180.0,95.0,159.0,9.5,860.0,800.0,28,56.44803739194426,0.636,High
475.0,0.0,0.0,162.0,9.5,1044.0,662.0,28,59.44874785778078,0.341052632,High
285.0,190.0,0.0,163.0,7.6,1031.0,685.0,28,51.50181564206059,0.571929825,High
356.0,119.0,0.0,160.0,9.0,1061.0,657.0,28,53.859035498920875,0.449438202,High
275.0,180.0,120.0,162.0,10.4,830.0,765.0,28,63.58572625410703,0.589090909,High
500.0,0.0,0.0,151.0,9.0,1033.0,655.0,28,63.2588717764011,0.302,High
165.0,0.0,143.6,163.8,0.0,1005.6,900.9,3,11.210364485763344,0.992727273,Low
165.0,128.5,132.1,175.1,8.1,1005.8,746.6,3,17.574175863627623,1.061212121,Low
178.0,129.8,118.6,179.9,3.6,1007.3,746.8,3,20.954477886170856,1.010674157,Low
167.4,129.9,128.6,175.5,7.8,1006.3,746.6,3,19.119707222182853,1.048387097,Low
172.4,13.6,172.4,156.8,4.1,1006.3,856.4,3,14.53381683043631,0.909512761,Low
173.5,50.1,173.5,164.8,6.5,1006.2,793.5,3,17.76112045799347,0.949855908,Low
167.0,75.4,167.0,164.0,7.9,1007.3,770.1,3,17.406400102344016,0.982035928,Low
173.8,93.4,159.9,172.3,9.7,1007.2,746.6,3,17.39312315417023,0.99136939,Low
190.3,0.0,125.2,166.6,9.9,1079.0,798.9,3,9.955539751743979,0.8754598,Low
250.0,0.0,95.7,191.8,5.3,948.9,857.2,3,11.413706717690436,0.7672,Low
213.5,0.0,174.2,159.2,11.7,1043.6,771.9,3,17.156169232107267,0.745667447,Low
194.7,0.0,100.5,170.2,7.5,998.0,901.8,3,11.117662883557282,0.874165383,Low
251.4,0.0,118.3,192.9,5.8,1043.6,754.3,3,12.779940477078304,0.767303103,Low
165.0,0.0,143.6,163.8,0.0,1005.6,900.9,14,20.412643415602684,0.992727273,Low
165.0,128.5,132.1,175.1,8.1,1005.8,746.6,14,28.54563586617891,1.061212121,Medium
178.0,129.8,118.6,179.9,3.6,1007.3,746.8,14,30.855794129471498,1.010674157,Medium
167.4,129.9,128.6,175.5,7.8,1006.3,746.6,14,30.06845310160429,1.048387097,Medium
172.4,13.6,172.4,156.8,4.1,1006.3,856.4,14,24.984212640930938,0.909512761,Low
173.5,50.1,173.5,164.8,6.5,1006.2,793.5,14,28.62481968843572,0.949855908,Medium
167.0,75.4,167.0,164.0,7.9,1007.3,770.1,14,28.55139029607839,0.982035928,Medium
173.8,93.4,159.9,172.3,9.7,1007.2,746.6,14,28.839280731694622,0.99136939,Low
190.3,0.0,125.2,166.6,9.9,1079.0,798.9,14,20.60015059171668,0.8754598,Low
250.0,0.0,95.7,191.8,5.3,948.9,857.2,14,21.487253398389036,0.7672,Low
213.5,0.0,174.2,159.2,11.7,1043.6,771.9,14,28.7936841987241,0.745667447,Low
194.7,0.0,100.5,170.2,7.5,998.0,901.8,14,21.519892150806594,0.874165383,Low
251.4,0.0,118.3,192.9,5.8,1043.6,754.3,14,22.739494436934542,0.767303103,Low
165.0,0.0,143.6,163.8,0.0,1005.6,900.9,28,26.132854233937522,0.992727273,Low
165.0,128.5,132.1,175.1,8.1,1005.8,746.6,28,36.1294293850047,1.061212121,High
178.0,129.8,118.6,179.9,3.6,1007.3,746.8,28,37.301366533423405,1.010674157,Medium
167.4,129.9,128.6,175.5,7.8,1006.3,746.6,28,37.6396176926032,1.048387097,Medium
172.4,13.6,172.4,156.8,4.1,1006.3,856.4,28,32.053459780309744,0.909512761,Medium
173.5,50.1,173.5,164.8,6.5,1006.2,793.5,28,36.111969461362314,0.949855908,Medium
167.0,75.4,167.0,164.0,7.9,1007.3,770.1,28,36.33493712916085,0.982035928,Medium
173.8,93.4,159.9,172.3,9.7,1007.2,746.6,28,36.930181433857626,0.99136939,Medium
190.3,0.0,125.2,166.6,9.9,1079.0,798.9,28,27.755442936688596,0.8754598,Low
250.0,0.0,95.7,191.8,5.3,948.9,857.2,28,28.1141862855105,0.7672,Low
213.5,0.0,174.2,159.2,11.7,1043.6,771.9,28,37.040556308777425,0.745667447,Medium
194.7,0.0,100.5,170.2,7.5,998.0,901.8,28,28.457684434981772,0.874165383,Medium
251.4,0.0,118.3,192.9,5.8,1043.6,754.3,28,29.224277696847295,0.767303103,Medium
165.0,0.0,143.6,163.8,0.0,1005.6,900.9,56,32.71617456638961,0.992727273,Medium
165.0,128.5,132.1,175.1,8.1,1005.8,746.6,56,45.135900688988656,1.061212121,High
178.0,129.8,118.6,179.9,3.6,1007.3,746.8,56,44.7832943136189,1.010674157,High
167.4,129.9,128.6,175.5,7.8,1006.3,746.6,56,46.675530442653056,1.048387097,High
172.4,13.6,172.4,156.8,4.1,1006.3,856.4,56,40.53021553136763,0.909512761,Medium
173.5,50.1,173.5,164.8,6.5,1006.2,793.5,56,45.06124630888817,0.949855908,High
167.0,75.4,167.0,164.0,7.9,1007.3,770.1,56,45.67000132960629,0.982035928,High
173.8,93.4,159.9,172.3,9.7,1007.2,746.6,56,46.62477265594956,0.99136939,High
190.3,0.0,125.2,166.6,9.9,1079.0,798.9,56,35.862869279935325,0.8754598,Medium
250.0,0.0,95.7,191.8,5.3,948.9,857.2,56,35.83168393021749,0.7672,Medium
213.5,0.0,174.2,159.2,11.7,1043.6,771.9,56,46.75283383829963,0.745667447,High
194.7,0.0,100.5,170.2,7.5,998.0,901.8,56,36.43582292439149,0.874165383,Medium
251.4,0.0,118.3,192.9,5.8,1043.6,754.3,56,36.66732818357527,0.767303103,Medium
165.0,0.0,143.6,163.8,0.0,1005.6,900.9,100,37.96,0.992727273,Medium
165.0,128.5,132.1,175.1,8.1,1005.8,746.6,100,55.02,1.061212121,High
178.0,129.8,118.6,179.9,3.6,1007.3,746.8,100,49.99,1.010674157,High
167.4,129.9,128.6,175.5,7.8,1006.3,746.6,100,53.66,1.048387097,High
172.4,13.6,172.4,156.8,4.1,1006.3,856.4,100,37.68,0.909512761,Medium
173.5,50.1,173.5,164.8,6.5,1006.2,793.5,100,56.06,0.949855908,High
167.0,75.4,167.0,164.0,7.9,1007.3,770.1,100,56.81,0.982035928,High
173.8,93.4,159.9,172.3,9.7,1007.2,746.6,100,50.94,0.99136939,High
190.3,0.0,125.2,166.6,9.9,1079.0,798.9,100,33.56,0.8754598,Medium
250.0,0.0,95.7,191.8,5.3,948.9,857.2,100,41.16,0.7672,Medium
213.5,0.0,174.2,159.2,11.7,1043.6,771.9,100,52.96,0.745667447,High
194.7,0.0,100.5,170.2,7.5,998.0,901.8,100,44.28,0.874165383,Medium
251.4,0.0,118.3,192.9,5.8,1043.6,754.3,100,40.15,0.767303103,Medium
446.0,24.0,79.0,162.0,11.6,967.0,712.0,28,54.229371299128275,0.3632287,High
446.0,24.0,79.0,162.0,11.6,967.0,712.0,28,54.229371299128275,0.3632287,Medium
446.0,24.0,79.0,162.0,11.6,967.0,712.0,28,54.229371299128275,0.3632287,High
446.0,24.0,79.0,162.0,10.3,967.0,712.0,28,54.42195204242745,0.3632287,High
446.0,24.0,79.0,162.0,11.6,967.0,712.0,3,37.23377637963128,0.3632287,Medium
446.0,24.0,79.0,162.0,11.6,967.0,712.0,3,37.23377637963128,0.3632287,Low
446.0,24.0,79.0,162.0,11.6,967.0,712.0,3,37.23377637963128,0.3632287,Low
446.0,24.0,79.0,162.0,11.6,967.0,712.0,7,42.31371925176352,0.3632287,High
446.0,24.0,79.0,162.0,11.6,967.0,712.0,7,42.31371925176352,0.3632287,Medium
446.0,24.0,79.0,162.0,11.6,967.0,712.0,7,42.31371925176352,0.3632287,Medium
446.0,24.0,79.0,162.0,11.6,967.0,712.0,56,60.790510806108486,0.3632287,High
446.0,24.0,79.0,162.0,11.6,967.0,712.0,56,60.790510806108486,0.3632287,High
446.0,24.0,79.0,162.0,11.6,967.0,712.0,56,60.790510806108486,0.3632287,High
446.0,24.0,79.0,162.0,10.3,967.0,712.0,56,61.20917196704072,0.3632287,High
387.0,20.0,94.0,157.0,14.3,938.0,845.0,28,50.1098779255567,0.405684755,High
387.0,20.0,94.0,157.0,13.9,938.0,845.0,28,50.241942611520756,0.405684755,High
387.0,20.0,94.0,157.0,11.6,938.0,845.0,28,50.389323984792,0.405684755,High
387.0,20.0,94.0,157.0,14.3,938.0,845.0,3,31.420819308030186,0.405684755,Low
387.0,20.0,94.0,157.0,13.9,938.0,845.0,3,31.563063156019687,0.405684755,Low
387.0,20.0,94.0,157.0,11.6,938.0,845.0,3,31.748794157739418,0.405684755,Medium
387.0,20.0,94.0,157.0,14.3,938.0,845.0,7,36.817107678128245,0.405684755,Medium
387.0,20.0,94.0,157.0,13.9,938.0,845.0,7,36.95320044598621,0.405684755,Medium
387.0,20.0,94.0,157.0,11.6,938.0,845.0,7,37.10678916617366,0.405684755,Medium
387.0,20.0,94.0,157.0,14.3,938.0,845.0,56,57.76577837201579,0.405684755,High
387.0,20.0,94.0,157.0,13.9,938.0,845.0,56,57.966345484127295,0.405684755,High
387.0,20.0,94.0,157.0,11.6,938.0,845.0,56,58.530212643836535,0.405684755,High
355.0,19.0,97.0,145.0,13.1,967.0,871.0,28,51.64425217126924,0.408450704,Medium
355.0,19.0,97.0,145.0,12.3,967.0,871.0,28,51.138749799766245,0.408450704,High
491.0,26.0,123.0,210.0,3.9,882.0,699.0,28,49.125509473452205,0.427698574,High
491.0,26.0,123.0,201.0,3.9,822.0,699.0,28,53.39001765898492,0.409368635,High
491.0,26.0,123.0,210.0,3.9,882.0,699.0,3,31.511625843241816,0.427698574,Low
491.0,26.0,123.0,210.0,3.9,882.0,699.0,7,36.617011986176564,0.427698574,Medium
491.0,26.0,123.0,210.0,3.9,882.0,699.0,56,57.67731872265901,0.427698574,High
491.0,26.0,123.0,201.0,3.9,822.0,699.0,3,35.331810369831345,0.409368635,Low
491.0,26.0,123.0,201.0,3.9,822.0,699.0,7,40.51118533784887,0.409368635,Medium
491.0,26.0,123.0,201.0,3.9,822.0,699.0,56,62.388279510935824,0.409368635,High
424.0,22.0,132.0,178.0,8.5,822.0,750.0,28,55.55126778996071,0.419811321,High
424.0,22.0,132.0,178.0,8.5,882.0,750.0,3,34.305721028368055,0.419811321,Medium
424.0,22.0,132.0,168.0,8.9,822.0,750.0,28,56.873121677192735,0.396226415,High
424.0,22.0,132.0,178.0,8.5,822.0,750.0,7,41.07910766342478,0.419811321,Medium
424.0,22.0,132.0,178.0,8.5,822.0,750.0,56,65.75160220269882,0.419811321,High
424.0,22.0,132.0,168.0,8.9,822.0,750.0,3,37.041906190493165,0.396226415,Medium
424.0,22.0,132.0,168.0,8.9,822.0,750.0,7,42.56770530599737,0.396226415,Medium
424.0,22.0,132.0,168.0,8.9,822.0,750.0,56,66.74871536715538,0.396226415,High
202.0,11.0,141.0,206.0,1.7,942.0,801.0,28,20.44735779926465,1.01980198,Low
202.0,11.0,141.0,206.0,1.7,942.0,801.0,3,6.14613130179905,1.01980198,Low
202.0,11.0,141.0,206.0,1.7,942.0,801.0,7,10.670274436358627,1.01980198,Low
202.0,11.0,141.0,206.0,1.7,942.0,801.0,56,26.19382045521069,1.01980198,Low
284.0,15.0,141.0,179.0,5.5,842.0,801.0,28,37.39245111949508,0.63028169,Medium
284.0,15.0,141.0,179.0,5.5,842.0,801.0,3,17.917692836422138,0.63028169,Low
284.0,15.0,141.0,179.0,5.5,842.0,801.0,7,23.335251109107134,0.63028169,Low
284.0,15.0,141.0,179.0,5.5,842.0,801.0,56,47.77346999442286,0.63028169,Medium
359.0,19.0,141.0,154.0,10.9,942.0,801.0,28,54.031317026746954,0.428969359,High
359.0,19.0,141.0,154.0,10.9,942.0,801.0,28,54.031317026746954,0.428969359,High
359.0,19.0,141.0,154.0,10.9,942.0,801.0,3,34.4844744062011,0.428969359,Low
359.0,19.0,141.0,154.0,10.9,942.0,801.0,3,34.4844744062011,0.428969359,Low
359.0,19.0,141.0,154.0,10.9,942.0,801.0,7,39.98789126233641,0.428969359,Medium
359.0,19.0,141.0,154.0,10.9,942.0,801.0,7,39.98789126233641,0.428969359,Medium
359.0,19.0,141.0,154.0,10.9,942.0,801.0,56,63.17999555092763,0.428969359,High
359.0,19.0,141.0,154.0,10.9,942.0,801.0,56,63.17999555092763,0.428969359,High
436.0,0.0,0.0,218.0,0.0,838.4,719.7,28,34.829229071144816,0.5,Low
289.0,0.0,0.0,192.0,0.0,913.2,895.3,90,35.874147732225666,0.664359862,Medium
289.0,0.0,0.0,192.0,0.0,913.2,895.3,3,10.58755739799559,0.664359862,Low
393.0,0.0,0.0,192.0,0.0,940.6,785.6,3,20.11308070134386,0.488549618,Low
393.0,0.0,0.0,192.0,0.0,940.6,785.6,90,47.58852792041108,0.488549618,High
393.0,0.0,0.0,192.0,0.0,940.6,785.6,28,35.16120815961249,0.488549618,Medium
480.0,0.0,0.0,192.0,0.0,936.2,712.2,28,43.54220525081113,0.4,Medium
480.0,0.0,0.0,192.0,0.0,936.2,712.2,7,32.68725201068591,0.4,Medium
480.0,0.0,0.0,192.0,0.0,936.2,712.2,90,57.06260137481563,0.4,High
480.0,0.0,0.0,192.0,0.0,936.2,712.2,3,28.005450746195834,0.4,Low
333.0,0.0,0.0,192.0,0.0,931.2,842.6,3,14.42889755718116,0.576576577,Low
255.0,0.0,0.0,192.0,0.0,889.8,945.0,90,31.580199436531508,0.752941176,Low
255.0,0.0,0.0,192.0,0.0,889.8,945.0,7,12.435811961430334,0.752941176,Low
289.0,0.0,0.0,192.0,0.0,913.2,895.3,7,15.087578011273925,0.664359862,Low
255.0,0.0,0.0,192.0,0.0,889.8,945.0,28,21.953561490284272,0.752941176,Low
333.0,0.0,0.0,192.0,0.0,931.2,842.6,28,29.22928981313732,0.576576577,Medium
333.0,0.0,0.0,192.0,0.0,931.2,842.6,7,18.99025041116022,0.576576577,Low
289.0,0.0,0.0,192.0,0.0,913.2,895.3,28,25.001495071737395,0.664359862,Low
333.0,0.0,0.0,192.0,0.0,931.2,842.6,90,41.09249445197527,0.576576577,Medium
393.0,0.0,0.0,192.0,0.0,940.6,785.6,7,24.714853998142512,0.488549618,Low
255.0,0.0,0.0,192.0,0.0,889.8,945.0,3,8.009767641358215,0.752941176,Low
158.8,238.2,0.0,185.7,0.0,1040.6,734.3,7,16.5077878403758,1.169395466,Low
239.6,359.4,0.0,185.7,0.0,941.6,664.3,7,33.99361820504312,0.775041736,Low
238.2,158.8,0.0,185.7,0.0,1040.6,734.3,7,20.90850330461884,0.779596977,Low
181.9,272.8,0.0,185.7,0.0,1012.4,714.3,28,33.71652022719897,1.020890599,Low
193.5,290.2,0.0,185.7,0.0,998.2,704.3,28,35.62410705267548,0.959689922,Medium
255.5,170.3,0.0,185.7,0.0,1026.6,724.3,7,22.70211207069751,0.726810176,Low
272.8,181.9,0.0,185.7,0.0,1012.4,714.3,7,24.39200631429587,0.680718475,Low
239.6,359.4,0.0,185.7,0.0,941.6,664.3,28,46.727744783581585,0.775041736,Medium
220.8,147.2,0.0,185.7,0.0,1055.0,744.3,28,31.2485896308755,0.841032609,Low
397.0,0.0,0.0,185.7,0.0,1040.6,734.3,28,38.92808042093533,0.467758186,Medium
382.5,0.0,0.0,185.7,0.0,1047.8,739.3,7,27.274384874041452,0.485490196,Low
210.7,316.1,0.0,185.7,0.0,977.0,689.3,7,26.757280075885504,0.881347888,Low
158.8,238.2,0.0,185.7,0.0,1040.6,734.3,28,29.193344605543558,1.169395466,Low
295.8,0.0,0.0,185.7,0.0,1091.4,769.3,7,17.978196121257753,0.627789047,Low
255.5,170.3,0.0,185.7,0.0,1026.6,724.3,28,35.02602270518423,0.726810176,Medium
203.5,135.7,0.0,185.7,0.0,1076.2,759.3,7,17.40860002232671,0.912530713,Low
397.0,0.0,0.0,185.7,0.0,1040.6,734.3,7,28.632284373517173,0.467758186,Low
381.4,0.0,0.0,185.7,0.0,1104.6,784.3,28,35.020894046483065,0.486890404,Low
295.8,0.0,0.0,185.7,0.0,1091.4,769.3,28,27.71577978409435,0.627789047,Low
228.0,342.1,0.0,185.7,0.0,955.8,674.3,28,43.49731738423104,0.814473684,Medium
220.8,147.2,0.0,185.7,0.0,1055.0,744.3,7,19.05808639544712,0.841032609,Low
316.1,210.7,0.0,185.7,0.0,977.0,689.3,28,42.24814557095368,0.587472319,Medium
135.7,203.5,0.0,185.7,0.0,1076.2,759.3,7,10.360527681559551,1.368459838,Low
238.1,0.0,0.0,185.7,0.0,1118.8,789.3,28,19.63816857384618,0.779924402,Low
339.2,0.0,0.0,185.7,0.0,1069.2,754.3,7,22.82687881773169,0.547464623,Low
135.7,203.5,0.0,185.7,0.0,1076.2,759.3,28,22.880757419287235,1.368459838,Low
193.5,290.2,0.0,185.7,0.0,998.2,704.3,7,22.799445980809878,0.959689922,Low
203.5,135.7,0.0,185.7,0.0,1076.2,759.3,28,29.52624642918472,0.912530713,Low
290.2,193.5,0.0,185.7,0.0,998.2,704.3,7,26.227823050316324,0.639903515,Low
181.9,272.8,0.0,185.7,0.0,1012.4,714.3,7,20.91254509631428,1.020890599,Low
170.3,155.5,0.0,185.7,0.0,1026.6,724.3,28,27.374833813652614,1.090428655,Low
210.7,316.1,0.0,185.7,0.0,977.0,689.3,28,39.684273546046505,0.881347888,Medium
228.0,342.1,0.0,185.7,0.0,955.8,674.3,7,30.66121363617887,0.814473684,Low
290.2,193.5,0.0,185.7,0.0,998.2,704.3,28,38.73079995539287,0.639903515,Medium
381.4,0.0,0.0,185.7,0.0,1104.6,784.3,7,24.089732781140786,0.486890404,Low
238.2,158.8,0.0,185.7,0.0,1040.6,734.3,28,33.09939040886073,0.779596977,Low
186.2,124.1,0.0,185.7,0.0,1083.4,764.3,7,12.522647223108779,0.997314715,Low
339.2,0.0,0.0,185.7,0.0,1069.2,754.3,28,32.87757083537518,0.547464623,Medium
238.1,0.0,0.0,185.7,0.0,1118.8,789.3,7,10.07634416689566,0.779924402,Low
252.5,0.0,0.0,185.7,0.0,1111.6,784.3,28,21.823682703548386,0.735445545,Low
382.5,0.0,0.0,185.7,0.0,1047.8,739.3,28,37.55165541043323,0.485490196,Medium
252.5,0.0,0.0,185.7,0.0,1111.6,784.3,7,12.256110993231205,0.735445545,Low
316.1,210.7,0.0,185.7,0.0,977.0,689.3,7,29.77855842792109,0.587472319,Low
186.2,124.1,0.0,185.7,0.0,1083.4,764.3,28,24.44741638203722,0.997314715,Low
170.3,155.5,0.0,185.7,0.0,1026.6,724.3,7,14.775697822944695,1.090428655,Low
272.8,181.9,0.0,185.7,0.0,1012.4,714.3,28,36.79997092710652,0.680718475,Medium
339.0,0.0,0.0,197.0,0.0,968.0,781.0,3,15.247984908237976,0.581120944,Low
339.0,0.0,0.0,197.0,0.0,968.0,781.0,7,19.715807867269028,0.581120944,Low
339.0,0.0,0.0,197.0,0.0,968.0,781.0,14,24.08336509277893,0.581120944,Low
339.0,0.0,0.0,197.0,0.0,968.0,781.0,28,29.515636571237593,0.581120944,Medium
339.0,0.0,0.0,197.0,0.0,968.0,781.0,90,40.590057853528194,0.581120944,Medium
339.0,0.0,0.0,197.0,0.0,968.0,781.0,180,36.45,0.581120944,Medium
339.0,0.0,0.0,197.0,0.0,968.0,781.0,365,38.89,0.581120944,Medium
236.0,0.0,0.0,194.0,0.0,968.0,885.0,3,5.123145784429591,0.822033898,Low
236.0,0.0,0.0,194.0,0.0,968.0,885.0,14,13.71423089343477,0.822033898,Low
236.0,0.0,0.0,194.0,0.0,968.0,885.0,28,18.845769327149895,0.822033898,Low
236.0,0.0,0.0,194.0,0.0,968.0,885.0,90,28.725522048220324,0.822033898,Low
236.0,0.0,0.0,193.0,0.0,968.0,885.0,180,24.1,0.81779661,Low
236.0,0.0,0.0,193.0,0.0,968.0,885.0,365,25.08,0.81779661,Low
277.0,0.0,0.0,191.0,0.0,968.0,856.0,14,18.356167332482794,0.689530686,Low
277.0,0.0,0.0,191.0,0.0,968.0,856.0,28,23.69132541024375,0.689530686,Low
277.0,0.0,0.0,191.0,0.0,968.0,856.0,3,9.592899678411735,0.689530686,Low
277.0,0.0,0.0,191.0,0.0,968.0,856.0,90,34.2638615913352,0.689530686,Low
277.0,0.0,0.0,191.0,0.0,968.0,856.0,180,32.33,0.689530686,Medium
277.0,0.0,0.0,191.0,0.0,968.0,856.0,360,33.7,0.689530686,Medium
254.0,0.0,0.0,198.0,0.0,968.0,863.0,3,7.495206336728652,0.779527559,Low
254.0,0.0,0.0,198.0,0.0,968.0,863.0,90,31.01491887073251,0.779527559,Low
254.0,0.0,0.0,198.0,0.0,968.0,863.0,180,27.63,0.779527559,Low
254.0,0.0,0.0,198.0,0.0,968.0,863.0,365,29.79,0.779527559,Low
307.0,0.0,0.0,193.0,0.0,968.0,812.0,180,34.49,0.628664495,Medium
307.0,0.0,0.0,193.0,0.0,968.0,812.0,365,36.15,0.628664495,Medium
307.0,0.0,0.0,193.0,0.0,968.0,812.0,3,12.871863945816305,0.628664495,Low
307.0,0.0,0.0,193.0,0.0,968.0,812.0,28,26.973486796288267,0.628664495,Low
307.0,0.0,0.0,193.0,0.0,968.0,812.0,90,37.634113456753646,0.628664495,Medium
236.0,0.0,0.0,193.0,0.0,968.0,885.0,7,9.340430331641057,0.81779661,Low
200.0,0.0,0.0,180.0,0.0,1125.0,845.0,7,6.424174515707074,0.9,Low
200.0,0.0,0.0,180.0,0.0,1125.0,845.0,28,16.17267432219945,0.9,Low
225.0,0.0,0.0,181.0,0.0,1113.0,833.0,7,9.930543665354309,0.804444444,Low
225.0,0.0,0.0,181.0,0.0,1113.0,833.0,28,19.49226275089751,0.804444444,Low
325.0,0.0,0.0,184.0,0.0,1063.0,783.0,7,21.639164829571868,0.566153846,Low
325.0,0.0,0.0,184.0,0.0,1063.0,783.0,28,31.62653130798406,0.566153846,Low
275.0,0.0,0.0,183.0,0.0,1088.0,808.0,7,16.106626735223855,0.665454545,Low
275.0,0.0,0.0,183.0,0.0,1088.0,808.0,28,25.74064229117073,0.665454545,Low
300.0,0.0,0.0,184.0,0.0,1075.0,795.0,7,18.83497994130876,0.613333333,Low
300.0,0.0,0.0,184.0,0.0,1075.0,795.0,28,28.61326724353344,0.613333333,Low
375.0,0.0,0.0,186.0,0.0,1038.0,758.0,7,25.796615392867363,0.496,Low
375.0,0.0,0.0,186.0,0.0,1038.0,758.0,28,36.1532168653334,0.496,Medium
400.0,0.0,0.0,187.0,0.0,1025.0,745.0,28,38.0870099688804,0.4675,Medium
400.0,0.0,0.0,187.0,0.0,1025.0,745.0,7,27.578564665471262,0.4675,Low
250.0,0.0,0.0,182.0,0.0,1100.0,820.0,7,13.085554994120711,0.728,Low
250.0,0.0,0.0,182.0,0.0,1100.0,820.0,28,22.726078498108542,0.728,Low
350.0,0.0,0.0,186.0,0.0,1050.0,770.0,7,23.57286123656581,0.531428571,Low
350.0,0.0,0.0,186.0,0.0,1050.0,770.0,28,33.636316083870675,0.531428571,Medium
203.5,305.3,0.0,203.5,0.0,963.4,630.0,7,23.49809472817669,1.0,Low
250.2,166.8,0.0,203.5,0.0,977.6,694.1,90,46.64590080728157,0.813349321,High
157.0,236.0,0.0,192.0,0.0,935.4,781.2,90,41.462473629119415,1.222929936,Medium
141.3,212.0,0.0,203.5,0.0,971.8,748.5,28,22.341153936447995,1.44019816,Low
166.8,250.2,0.0,203.5,0.0,975.6,692.6,3,12.45615238577651,1.220023981,Low
122.6,183.9,0.0,203.5,0.0,958.2,800.1,90,28.7175755451573,1.659869494,Medium
183.9,122.6,0.0,203.5,0.0,959.2,800.0,3,5.464666555657226,1.106579663,Low
102.0,153.0,0.0,192.0,0.0,887.0,942.0,3,-0.7210514950661242,1.882352941,Low
102.0,153.0,0.0,192.0,0.0,887.0,942.0,90,25.006831989350488,1.882352941,Low
122.6,183.9,0.0,203.5,0.0,958.2,800.1,28,16.006414710845675,1.659869494,Low
166.8,250.2,0.0,203.5,0.0,975.6,692.6,28,28.519890509128075,1.220023981,Medium
200.0,133.0,0.0,192.0,0.0,965.4,806.2,3,10.527472907824437,0.96,Low
108.3,162.4,0.0,203.5,0.0,938.2,849.0,28,14.231410204741133,1.879039705,Low
305.3,203.5,0.0,203.5,0.0,965.4,631.0,7,25.970686789504192,0.666557484,Low
108.3,162.4,0.0,203.5,0.0,938.2,849.0,90,26.56208715841368,1.879039705,Low
116.0,173.0,0.0,192.0,0.0,909.8,891.9,90,29.680446641722277,1.655172414,Low
141.3,212.0,0.0,203.5,0.0,971.8,748.5,7,11.622872746083592,1.44019816,Low
157.0,236.0,0.0,192.0,0.0,935.4,781.2,28,28.340081813457846,1.222929936,Medium
133.0,200.0,0.0,192.0,0.0,927.4,839.2,28,23.309901545360674,1.443609023,Low
250.2,166.8,0.0,203.5,0.0,977.6,694.1,7,20.502389013819112,0.813349321,Low
173.0,116.0,0.0,192.0,0.0,946.8,856.8,7,9.931556998699213,1.10982659,Low
192.0,288.0,0.0,192.0,0.0,929.8,716.1,3,21.18043444963748,1.0,Low
192.0,288.0,0.0,192.0,0.0,929.8,716.1,28,37.54477845122295,1.0,Medium
153.0,102.0,0.0,192.0,0.0,888.0,943.1,3,2.9508050201271523,1.254901961,Low
288.0,192.0,0.0,192.0,0.0,932.0,717.8,3,22.194148077812635,0.666666667,Low
305.3,203.5,0.0,203.5,0.0,965.4,631.0,28,37.40807505639429,0.666557484,Medium
236.0,157.0,0.0,192.0,0.0,972.6,749.1,7,21.12730898904556,0.813559322,Low
173.0,116.0,0.0,192.0,0.0,946.8,856.8,3,5.27686920166405,1.10982659,Low
212.0,141.3,0.0,203.5,0.0,973.4,750.0,7,15.284294837795754,0.95990566,Low
236.0,157.0,0.0,192.0,0.0,972.6,749.1,3,16.331892077597132,0.813559322,Low
183.9,122.6,0.0,203.5,0.0,959.2,800.0,90,33.321816182918994,1.106579663,Medium
166.8,250.2,0.0,203.5,0.0,975.6,692.6,7,17.22185149422353,1.220023981,Low
102.0,153.0,0.0,192.0,0.0,887.0,942.0,7,3.777686038826454,1.882352941,Low
288.0,192.0,0.0,192.0,0.0,932.0,717.8,28,38.632472887656164,0.666666667,Medium
212.0,141.3,0.0,203.5,0.0,973.4,750.0,28,25.982769941143097,0.95990566,Medium
102.0,153.0,0.0,192.0,0.0,887.0,942.0,28,13.71895887452701,1.882352941,Low
173.0,116.0,0.0,192.0,0.0,946.8,856.8,28,20.66872858482415,1.10982659,Low
183.9,122.6,0.0,203.5,0.0,959.2,800.0,28,20.474160756775206,1.106579663,Low
133.0,200.0,0.0,192.0,0.0,927.4,839.2,90,35.67480646629549,1.443609023,Medium
192.0,288.0,0.0,192.0,0.0,929.8,716.1,90,51.84760884501333,1.0,High
133.0,200.0,0.0,192.0,0.0,927.4,839.2,7,12.822628482328005,1.443609023,Low
305.3,203.5,0.0,203.5,0.0,965.4,631.0,3,21.168586722161493,0.666557484,Low
236.0,157.0,0.0,192.0,0.0,972.6,749.1,90,47.5532137313739,0.813559322,High
108.3,162.4,0.0,203.5,0.0,938.2,849.0,3,-0.343694911799286,1.879039705,Low
157.0,236.0,0.0,192.0,0.0,935.4,781.2,7,17.443863696609334,1.222929936,Low
288.0,192.0,0.0,192.0,0.0,932.0,717.8,7,27.03647104328099,0.666666667,Low
212.0,141.3,0.0,203.5,0.0,973.4,750.0,3,10.639980111596659,0.95990566,Low
212.0,141.3,0.0,203.5,0.0,973.4,750.0,90,39.436504066518026,0.95990566,Medium
153.0,102.0,0.0,192.0,0.0,888.0,943.1,28,17.5683163678325,1.254901961,Low
236.0,157.0,0.0,192.0,0.0,972.6,749.1,28,32.556421881165484,0.813559322,Medium
116.0,173.0,0.0,192.0,0.0,909.8,891.9,28,17.969533762732922,1.655172414,Low
183.9,122.6,0.0,203.5,0.0,959.2,800.0,7,10.05222080681684,1.106579663,Low
108.3,162.4,0.0,203.5,0.0,938.2,849.0,7,4.165627736453144,1.879039705,Low
203.5,305.3,0.0,203.5,0.0,963.4,630.0,28,35.39194706216826,1.0,Medium
203.5,305.3,0.0,203.5,0.0,963.4,630.0,3,18.604028598049794,1.0,Low
133.0,200.0,0.0,192.0,0.0,927.4,839.2,3,8.20950084342635,1.443609023,Low
288.0,192.0,0.0,192.0,0.0,932.0,717.8,90,53.34403585960493,0.666666667,High
200.0,133.0,0.0,192.0,0.0,965.4,806.2,7,15.235459669956073,0.96,Low
200.0,133.0,0.0,192.0,0.0,965.4,806.2,28,26.234556163646133,0.96,Low
250.2,166.8,0.0,203.5,0.0,977.6,694.1,3,15.739801446643304,0.813349321,Low
122.6,183.9,0.0,203.5,0.0,958.2,800.1,3,1.171033857854109,1.659869494,Low
153.0,102.0,0.0,192.0,0.0,888.0,943.1,90,28.82225353344963,1.254901961,Low
200.0,133.0,0.0,192.0,0.0,965.4,806.2,90,40.24594455061011,0.96,Medium
116.0,173.0,0.0,192.0,0.0,909.8,891.9,3,3.262082597241349,1.655172414,Low
173.0,116.0,0.0,192.0,0.0,946.8,856.8,90,34.08211777156326,1.10982659,Medium
250.2,166.8,0.0,203.5,0.0,977.6,694.1,28,31.788143436929644,0.813349321,Medium
305.3,203.5,0.0,203.5,0.0,965.4,631.0,90,52.16650456448349,0.666557484,High
192.0,288.0,0.0,192.0,0.0,929.8,716.1,7,26.01442854516698,1.0,Low
157.0,236.0,0.0,192.0,0.0,935.4,781.2,3,12.744100140282523,1.222929936,Low
153.0,102.0,0.0,192.0,0.0,888.0,943.1,7,7.4853237140167135,1.254901961,Low
141.3,212.0,0.0,203.5,0.0,971.8,748.5,90,35.991433543504755,1.44019816,Medium
116.0,173.0,0.0,192.0,0.0,909.8,891.9,7,7.807351018618478,1.655172414,Low
141.3,212.0,0.0,203.5,0.0,971.8,748.5,3,6.977466256507308,1.44019816,Low
122.6,183.9,0.0,203.5,0.0,958.2,800.1,7,5.7261329477998455,1.659869494,Low
166.8,250.2,0.0,203.5,0.0,975.6,692.6,90,43.374122607468244,1.220023981,Medium
203.5,305.3,0.0,203.5,0.0,963.4,630.0,90,51.23965164724282,1.0,High
310.0,0.0,0.0,192.0,0.0,1012.0,830.0,3,12.909178854479551,0.619354839,Low
310.0,0.0,0.0,192.0,0.0,1012.0,830.0,7,17.417038447121328,0.619354839,Low
310.0,0.0,0.0,192.0,0.0,1012.0,830.0,28,27.416001277395473,0.619354839,Low
310.0,0.0,0.0,192.0,0.0,1012.0,830.0,90,38.969949153967264,0.619354839,Medium
310.0,0.0,0.0,192.0,0.0,1012.0,830.0,120,38.7,0.619354839,Medium
331.0,0.0,0.0,192.0,0.0,1025.0,821.0,3,14.257979765864576,0.580060423,Low
331.0,0.0,0.0,192.0,0.0,1025.0,821.0,7,18.803866943059116,0.580060423,Low
331.0,0.0,0.0,192.0,0.0,1025.0,821.0,28,28.992950574662878,0.580060423,Medium
331.0,0.0,0.0,192.0,0.0,1025.0,821.0,90,41.01485715487179,0.580060423,Medium
331.0,0.0,0.0,192.0,0.0,1025.0,821.0,120,39.38,0.580060423,Medium
349.0,0.0,0.0,192.0,0.0,1056.0,809.0,3,14.121076573301123,0.550143266,Low
349.0,0.0,0.0,192.0,0.0,1056.0,809.0,7,18.684627139940012,0.550143266,Low
349.0,0.0,0.0,192.0,0.0,1056.0,809.0,28,28.964803298456467,0.550143266,Medium
349.0,0.0,0.0,192.0,0.0,1056.0,809.0,90,41.23958666704314,0.550143266,Medium
349.0,0.0,0.0,192.0,0.0,1056.0,809.0,120,40.86,0.550143266,Medium
238.0,0.0,0.0,186.0,0.0,1119.0,789.0,7,10.121233415149417,0.781512605,Low
238.0,0.0,0.0,186.0,0.0,1119.0,789.0,28,19.583087481371173,0.781512605,Low
296.0,0.0,0.0,186.0,0.0,1090.0,769.0,7,18.479787690669575,0.628378378,Low
296.0,0.0,0.0,186.0,0.0,1090.0,769.0,28,28.053758957981188,0.628378378,Low
297.0,0.0,0.0,186.0,0.0,1040.0,734.0,7,20.806839749508892,0.626262626,Low
480.0,0.0,0.0,192.0,0.0,936.0,721.0,28,43.033705470014866,0.4,Medium
480.0,0.0,0.0,192.0,0.0,936.0,721.0,90,56.8039952891354,0.4,High
397.0,0.0,0.0,186.0,0.0,1040.0,734.0,28,38.71079256459941,0.468513854,Medium
281.0,0.0,0.0,186.0,0.0,1104.0,774.0,7,16.31951706772228,0.661921708,Low
281.0,0.0,0.0,185.0,0.0,1104.0,774.0,28,26.310053265158956,0.658362989,Low
500.0,0.0,0.0,200.0,0.0,1125.0,613.0,1,24.297740439183872,0.4,Low
500.0,0.0,0.0,200.0,0.0,1125.0,613.0,3,29.416823268630633,0.4,Low
500.0,0.0,0.0,200.0,0.0,1125.0,613.0,7,33.893165221516206,0.4,Medium
500.0,0.0,0.0,200.0,0.0,1125.0,613.0,14,38.27951328812871,0.4,Medium
500.0,0.0,0.0,200.0,0.0,1125.0,613.0,28,43.76417888847267,0.4,Medium
540.0,0.0,0.0,173.0,0.0,1125.0,613.0,7,49.29112967698112,0.32037037,High
540.0,0.0,0.0,173.0,0.0,1125.0,613.0,14,53.83519236382621,0.32037037,High
540.0,0.0,0.0,173.0,0.0,1125.0,613.0,28,59.6037120165946,0.32037037,High
540.0,0.0,0.0,173.0,0.0,1125.0,613.0,90,71.8986020733231,0.32037037,High
540.0,0.0,0.0,173.0,0.0,1125.0,613.0,180,71.62,0.32037037,High
540.0,0.0,0.0,173.0,0.0,1125.0,613.0,270,74.17,0.32037037,High
350.0,0.0,0.0,203.0,0.0,974.0,775.0,7,19.61582601149938,0.58,Low
350.0,0.0,0.0,203.0,0.0,974.0,775.0,14,23.970413743143315,0.58,Low
350.0,0.0,0.0,203.0,0.0,974.0,775.0,28,29.378472339679256,0.58,Low
350.0,0.0,0.0,203.0,0.0,974.0,775.0,56,35.945915022943296,0.58,Low
350.0,0.0,0.0,203.0,0.0,974.0,775.0,90,40.37332803731027,0.58,Medium
350.0,0.0,0.0,203.0,0.0,974.0,775.0,180,32.72,0.58,Medium
385.0,0.0,0.0,186.0,0.0,966.0,763.0,1,17.57668217021036,0.483116883,Low
385.0,0.0,0.0,186.0,0.0,966.0,763.0,3,22.743296857743708,0.483116883,Low
385.0,0.0,0.0,186.0,0.0,966.0,763.0,7,27.311814994687467,0.483116883,Low
385.0,0.0,0.0,186.0,0.0,966.0,763.0,14,31.850197433391266,0.483116883,Low
385.0,0.0,0.0,186.0,0.0,966.0,763.0,28,37.60354052170463,0.483116883,Medium
331.0,0.0,0.0,192.0,0.0,978.0,825.0,180,39.0,0.580060423,Medium
331.0,0.0,0.0,192.0,0.0,978.0,825.0,360,41.24,0.580060423,Medium
349.0,0.0,0.0,192.0,0.0,1047.0,806.0,3,14.57810724040641,0.550143266,Low
331.0,0.0,0.0,192.0,0.0,978.0,825.0,3,14.739942995262318,0.580060423,Low
382.0,0.0,0.0,186.0,0.0,1047.0,739.0,7,26.92855361102142,0.486910995,Low
382.0,0.0,0.0,186.0,0.0,1047.0,739.0,28,37.27995363945765,0.486910995,Medium
382.0,0.0,0.0,186.0,0.0,1111.0,784.0,7,23.915650233429297,0.486910995,Low
281.0,0.0,0.0,186.0,0.0,1104.0,774.0,28,25.86059189083243,0.661921708,Low
339.0,0.0,0.0,185.0,0.0,1069.0,754.0,7,23.324167164294508,0.545722714,Low
339.0,0.0,0.0,185.0,0.0,1069.0,754.0,28,33.32252721279605,0.545722714,Medium
295.0,0.0,0.0,185.0,0.0,1069.0,769.0,7,18.831740784138496,0.627118644,Low
295.0,0.0,0.0,185.0,0.0,1069.0,769.0,28,28.450505076109266,0.627118644,Low
238.0,0.0,0.0,185.0,0.0,1118.0,789.0,28,19.940136012167684,0.777310924,Low
296.0,0.0,0.0,192.0,0.0,1085.0,765.0,7,16.34395817291668,0.648648649,Low
296.0,0.0,0.0,192.0,0.0,1085.0,765.0,28,25.934844716874906,0.648648649,Low
296.0,0.0,0.0,192.0,0.0,1085.0,765.0,90,36.98191163953874,0.648648649,Low
331.0,0.0,0.0,192.0,0.0,879.0,825.0,3,13.09905730605266,0.580060423,Low
331.0,0.0,0.0,192.0,0.0,978.0,825.0,7,19.27331511930382,0.580060423,Low
331.0,0.0,0.0,192.0,0.0,978.0,825.0,28,29.38695140016715,0.580060423,Medium
331.0,0.0,0.0,192.0,0.0,978.0,825.0,90,41.09060531259137,0.580060423,Medium
349.0,0.0,0.0,192.0,0.0,1047.0,806.0,7,19.133381806426367,0.550143266,Low
349.0,0.0,0.0,192.0,0.0,1047.0,806.0,28,29.37103858926094,0.550143266,Medium
349.0,0.0,0.0,192.0,0.0,1047.0,806.0,90,41.52939024474337,0.550143266,Medium
349.0,0.0,0.0,192.0,0.0,1047.0,806.0,180,41.05,0.550143266,Medium
349.0,0.0,0.0,192.0,0.0,1047.0,806.0,360,42.13,0.550143266,Medium
302.0,0.0,0.0,203.0,0.0,974.0,817.0,14,20.602258795317294,0.67218543,Low
302.0,0.0,0.0,203.0,0.0,974.0,817.0,180,26.74,0.67218543,Low
525.0,0.0,0.0,189.0,0.0,1125.0,613.0,180,61.92,0.36,High
500.0,0.0,0.0,200.0,0.0,1125.0,613.0,90,55.308076393755215,0.4,High
500.0,0.0,0.0,200.0,0.0,1125.0,613.0,180,51.04,0.4,High
500.0,0.0,0.0,200.0,0.0,1125.0,613.0,270,55.16,0.4,High
540.0,0.0,0.0,173.0,0.0,1125.0,613.0,3,44.71993880816099,0.32037037,Medium
252.0,0.0,0.0,185.0,0.0,1111.0,784.0,7,12.666617960842776,0.734126984,Low
252.0,0.0,0.0,185.0,0.0,1111.0,784.0,28,22.141136151434154,0.734126984,Low
339.0,0.0,0.0,185.0,0.0,1060.0,754.0,28,33.42181303406493,0.545722714,Medium
393.0,0.0,0.0,192.0,0.0,940.0,758.0,3,21.408258009164015,0.488549618,Low
393.0,0.0,0.0,192.0,0.0,940.0,758.0,28,36.13225649692884,0.488549618,Medium
393.0,0.0,0.0,192.0,0.0,940.0,758.0,90,47.9652657207468,0.488549618,High
382.0,0.0,0.0,185.0,0.0,1047.0,739.0,7,27.408327410139567,0.484293194,Low
382.0,0.0,0.0,185.0,0.0,1047.0,739.0,28,37.78188078630643,0.484293194,Medium
252.0,0.0,0.0,186.0,0.0,1111.0,784.0,7,12.348820713054097,0.738095238,Low
252.0,0.0,0.0,185.0,0.0,1111.0,784.0,28,22.141136151434154,0.734126984,Low
310.0,0.0,0.0,192.0,0.0,970.0,850.0,7,17.46660504562883,0.619354839,Low
310.0,0.0,0.0,192.0,0.0,970.0,850.0,28,27.506718907754752,0.619354839,Low
310.0,0.0,0.0,192.0,0.0,970.0,850.0,90,38.97734855083655,0.619354839,Medium
310.0,0.0,0.0,192.0,0.0,970.0,850.0,180,37.33,0.619354839,Medium
310.0,0.0,0.0,192.0,0.0,970.0,850.0,360,38.11,0.619354839,Medium
525.0,0.0,0.0,189.0,0.0,1125.0,613.0,3,35.00927416148208,0.36,Medium
525.0,0.0,0.0,189.0,0.0,1125.0,613.0,7,39.561530080069716,0.36,Medium
525.0,0.0,0.0,189.0,0.0,1125.0,613.0,14,44.0764274095635,0.36,High
525.0,0.0,0.0,189.0,0.0,1125.0,613.0,28,49.80175615091966,0.36,High
525.0,0.0,0.0,189.0,0.0,1125.0,613.0,90,62.14805005796516,0.36,High
525.0,0.0,0.0,189.0,0.0,1125.0,613.0,270,67.11,0.36,High
322.0,0.0,0.0,203.0,0.0,974.0,800.0,14,22.060344953584977,0.630434783,Low
322.0,0.0,0.0,203.0,0.0,974.0,800.0,28,27.41036877247962,0.630434783,Low
322.0,0.0,0.0,203.0,0.0,974.0,800.0,180,29.59,0.630434783,Low
302.0,0.0,0.0,203.0,0.0,974.0,817.0,28,25.731272868018053,0.67218543,Low
397.0,0.0,0.0,185.0,0.0,1040.0,734.0,28,39.35193509381076,0.465994962,Medium
480.0,0.0,0.0,192.0,0.0,936.0,721.0,3,27.36901394652826,0.4,Low
522.0,0.0,0.0,146.0,0.0,896.0,896.0,7,51.24896891816068,0.279693487,High
522.0,0.0,0.0,146.0,0.0,896.0,896.0,28,65.12991367261105,0.279693487,High
273.0,105.0,82.0,210.0,9.0,904.0,680.0,28,33.639353138595546,0.769230769,Medium
162.0,190.0,148.0,179.0,19.0,838.0,741.0,28,38.30761202851965,1.104938272,Medium
154.0,144.0,112.0,220.0,10.0,923.0,658.0,28,21.2204718178645,1.428571429,Low
147.0,115.0,89.0,202.0,9.0,860.0,829.0,28,19.08281423520023,1.37414966,Low
152.0,178.0,139.0,168.0,18.0,944.0,695.0,28,38.159983151457155,1.105263158,Medium
310.0,143.0,111.0,168.0,22.0,914.0,651.0,28,47.79531601868078,0.541935484,Medium
144.0,0.0,175.0,158.0,18.0,943.0,844.0,28,21.67391860833655,1.097222222,Low
304.0,140.0,0.0,214.0,6.0,895.0,722.0,28,35.092743402776954,0.703947368,Medium
374.0,0.0,0.0,190.0,7.0,1013.0,730.0,28,40.93287262021341,0.50802139,Medium
159.0,149.0,116.0,175.0,15.0,953.0,720.0,28,32.74379215060815,1.100628931,Low
153.0,239.0,0.0,200.0,6.0,1002.0,684.0,28,28.241596641374016,1.307189542,Low
310.0,143.0,0.0,168.0,10.0,914.0,804.0,28,49.27297152135505,0.541935484,Medium
305.0,0.0,100.0,196.0,10.0,959.0,705.0,28,34.46718337869736,0.642622951,Low
151.0,0.0,184.0,167.0,12.0,991.0,772.0,28,25.204109566666084,1.105960265,Low
142.0,167.0,130.0,174.0,11.0,883.0,785.0,28,35.899696712085365,1.225352113,Medium
298.0,137.0,107.0,201.0,6.0,878.0,655.0,28,42.230997674649466,0.674496644,High
321.0,164.0,0.0,190.0,5.0,870.0,774.0,28,46.584338921564246,0.591900312,High
366.0,187.0,0.0,191.0,7.0,824.0,757.0,28,58.989253214331214,0.521857923,High
280.0,129.0,100.0,172.0,9.0,825.0,805.0,28,49.68533522256904,0.614285714,High
252.0,97.0,76.0,194.0,8.0,835.0,821.0,28,36.431734116949166,0.76984127,Medium
165.0,0.0,150.0,182.0,12.0,1023.0,729.0,28,19.492558081474478,1.103030303,Low
156.0,243.0,0.0,180.0,11.0,1022.0,698.0,28,35.74345452249099,1.153846154,Medium
160.0,188.0,146.0,203.0,11.0,829.0,710.0,28,27.333963530335275,1.26875,Medium
298.0,0.0,107.0,186.0,6.0,879.0,815.0,28,35.87508879244037,0.624161074,Medium
318.0,0.0,126.0,210.0,6.0,861.0,737.0,28,35.20492337029204,0.660377358,Medium
287.0,121.0,94.0,188.0,9.0,904.0,696.0,28,44.173838081517694,0.655052265,Medium
326.0,166.0,0.0,174.0,9.0,882.0,790.0,28,54.318443829510954,0.533742331,High
356.0,0.0,142.0,193.0,11.0,801.0,778.0,28,41.27208581548416,0.542134831,Medium
132.0,207.0,161.0,179.0,5.0,867.0,736.0,28,33.17217851947388,1.356060606,Medium
322.0,149.0,0.0,186.0,8.0,951.0,709.0,28,45.307283692419,0.577639752,High
164.0,0.0,200.0,181.0,13.0,849.0,846.0,28,19.661288864465668,1.103658537,Low
314.0,0.0,113.0,170.0,10.0,925.0,783.0,28,41.927253159895706,0.541401274,Medium
321.0,0.0,128.0,182.0,11.0,870.0,780.0,28,39.29574367924145,0.566978193,Medium
140.0,164.0,128.0,237.0,6.0,869.0,656.0,28,30.086479536671767,1.692857143,Medium
288.0,121.0,0.0,177.0,7.0,908.0,829.0,28,40.77873172010204,0.614583333,Medium
298.0,0.0,107.0,210.0,11.0,880.0,744.0,28,30.28410069713745,0.704697987,Medium
265.0,111.0,86.0,195.0,6.0,833.0,790.0,28,39.22617309847205,0.735849057,Medium
160.0,250.0,0.0,168.0,12.0,1049.0,688.0,28,41.68913099364167,1.05,Medium
166.0,260.0,0.0,183.0,13.0,859.0,827.0,28,38.242630579168434,1.102409639,Medium
276.0,116.0,90.0,180.0,9.0,870.0,768.0,28,45.6693731977066,0.652173913,Medium
322.0,0.0,116.0,196.0,10.0,818.0,813.0,28,34.82845265772652,0.608695652,Low
149.0,139.0,109.0,193.0,6.0,892.0,780.0,28,24.429237492358048,1.295302013,Low
159.0,187.0,0.0,176.0,11.0,990.0,789.0,28,31.299682126939487,1.106918239,Medium
261.0,100.0,78.0,201.0,9.0,864.0,761.0,28,35.612327849971564,0.770114943,Medium
237.0,92.0,71.0,247.0,6.0,853.0,695.0,28,24.882949495117778,1.042194093,Low
313.0,0.0,113.0,178.0,8.0,1002.0,689.0,28,39.99668981738285,0.568690096,Medium
155.0,183.0,0.0,193.0,9.0,1047.0,697.0,28,24.547520898184487,1.24516129,Low
146.0,230.0,0.0,202.0,3.0,827.0,872.0,28,30.021786903650124,1.383561644,Medium
296.0,0.0,107.0,221.0,11.0,819.0,778.0,28,27.975278212351967,0.746621622,Medium
133.0,210.0,0.0,196.0,3.0,949.0,795.0,28,28.16588655515914,1.473684211,Low
313.0,145.0,0.0,178.0,8.0,867.0,824.0,28,47.07954645078003,0.568690096,Medium
152.0,0.0,112.0,184.0,8.0,992.0,816.0,28,15.804698120498182,1.210526316,Low
153.0,145.0,113.0,178.0,8.0,1002.0,689.0,28,29.57940322572996,1.163398693,Low
140.0,133.0,103.0,200.0,7.0,916.0,753.0,28,24.219632697730297,1.428571429,Medium
149.0,236.0,0.0,176.0,13.0,847.0,893.0,28,32.34000874517998,1.181208054,Medium
300.0,0.0,120.0,212.0,10.0,878.0,728.0,28,32.08578282964963,0.706666667,Low
153.0,145.0,113.0,178.0,8.0,867.0,824.0,28,32.221274229280404,1.163398693,Low
148.0,0.0,137.0,158.0,16.0,1002.0,830.0,28,21.842007653604952,1.067567568,Low
326.0,0.0,138.0,199.0,11.0,801.0,792.0,28,35.27982540323428,0.610429448,Medium
153.0,145.0,0.0,178.0,8.0,1000.0,822.0,28,26.472117349828665,1.163398693,Low
262.0,111.0,86.0,195.0,5.0,895.0,733.0,28,37.79973990156856,0.744274809,Medium
158.0,0.0,195.0,220.0,11.0,898.0,713.0,28,12.149715028359553,1.392405063,Low
151.0,0.0,185.0,167.0,16.0,1074.0,678.0,28,20.864945267423774,1.105960265,Low
273.0,0.0,90.0,199.0,11.0,931.0,762.0,28,27.617159290861977,0.728937729,Medium
149.0,118.0,92.0,183.0,7.0,953.0,780.0,28,25.067296772413123,1.228187919,Low
143.0,169.0,143.0,191.0,8.0,967.0,643.0,28,30.702150732835236,1.335664336,Low
260.0,101.0,78.0,171.0,10.0,936.0,763.0,28,42.97182992200438,0.657692308,High
313.0,161.0,0.0,178.0,10.0,917.0,759.0,28,49.74866113528202,0.568690096,High
284.0,120.0,0.0,168.0,7.0,970.0,794.0,28,42.758458513805465,0.591549296,Medium
336.0,0.0,0.0,182.0,3.0,986.0,817.0,28,34.56529345414283,0.541666667,Medium
145.0,0.0,134.0,181.0,11.0,979.0,812.0,28,16.537400732052483,1.248275862,Low
150.0,237.0,0.0,174.0,12.0,1069.0,675.0,28,34.20079317817553,1.16,Medium
144.0,170.0,133.0,192.0,8.0,814.0,805.0,28,28.415760038843825,1.333333333,Low
331.0,170.0,0.0,195.0,8.0,811.0,802.0,28,50.382838796735854,0.589123867,High
155.0,0.0,143.0,193.0,9.0,1047.0,697.0,28,16.64949403511028,1.24516129,Low
155.0,183.0,0.0,193.0,9.0,877.0,868.0,28,23.755356750270003,1.24516129,Low
135.0,0.0,166.0,180.0,10.0,961.0,805.0,28,16.511234620147164,1.333333333,Low
266.0,112.0,87.0,178.0,10.0,910.0,745.0,28,44.186528009406224,0.669172932,Medium
314.0,145.0,113.0,179.0,8.0,869.0,690.0,28,52.32013802178488,0.570063694,High
313.0,145.0,0.0,127.0,8.0,1000.0,822.0,28,51.068354952960256,0.405750799,Medium
146.0,173.0,0.0,182.0,3.0,986.0,817.0,28,24.19604092293617,1.246575342,Low
144.0,136.0,106.0,178.0,7.0,941.0,774.0,28,28.157838272874088,1.236111111,Low
148.0,0.0,182.0,181.0,15.0,839.0,884.0,28,13.007806858580137,1.222972973,Low
277.0,117.0,91.0,191.0,7.0,946.0,666.0,28,40.19473066268023,0.689530686,Medium
298.0,0.0,107.0,164.0,13.0,953.0,784.0,28,39.14496376953486,0.55033557,Medium
313.0,145.0,0.0,178.0,8.0,1002.0,689.0,28,45.58824569082661,0.568690096,Medium
155.0,184.0,143.0,194.0,9.0,880.0,699.0,28,32.08021569735241,1.251612903,Low
289.0,134.0,0.0,195.0,6.0,924.0,760.0,28,38.623692032815015,0.674740484,High
148.0,175.0,0.0,171.0,2.0,1000.0,828.0,28,26.17319658681044,1.155405405,Low
145.0,0.0,179.0,202.0,8.0,824.0,869.0,28,12.609242744955337,1.393103448,Low
313.0,0.0,0.0,178.0,8.0,1000.0,822.0,28,32.18047569915578,0.568690096,Low
136.0,162.0,126.0,172.0,10.0,923.0,764.0,28,32.853571191756394,1.264705882,Low
155.0,0.0,143.0,193.0,9.0,877.0,868.0,28,14.450980705066888,1.24516129,Low
255.0,99.0,77.0,189.0,6.0,919.0,749.0,28,37.861748417846684,0.741176471,Medium
162.0,207.0,172.0,216.0,10.0,822.0,638.0,28,23.636241286020567,1.333333333,Medium
136.0,196.0,98.0,199.0,6.0,847.0,783.0,28,32.34511942576049,1.463235294,Low
164.0,163.0,128.0,197.0,8.0,961.0,641.0,28,28.1001033317441,1.201219512,Low
162.0,214.0,164.0,202.0,10.0,820.0,680.0,28,33.441183419870036,1.24691358,Low
157.0,214.0,152.0,200.0,9.0,819.0,704.0,28,34.60207309632502,1.27388535,Medium
149.0,153.0,194.0,192.0,8.0,935.0,623.0,28,28.37364154360248,1.288590604,Low
135.0,105.0,193.0,196.0,6.0,965.0,643.0,28,24.993950236320167,1.451851852,Low
159.0,209.0,161.0,201.0,7.0,848.0,669.0,28,33.452298748390014,1.264150943,Low
144.0,15.0,195.0,176.0,6.0,1021.0,709.0,28,18.598249315786255,1.222222222,Low
154.0,174.0,185.0,228.0,7.0,845.0,612.0,28,27.574465899027068,1.480519481,Low
167.0,187.0,195.0,185.0,7.0,898.0,636.0,28,33.30222726627414,1.107784431,Low
184.0,86.0,190.0,213.0,6.0,923.0,623.0,28,23.100362136641003,1.157608696,Low
156.0,178.0,187.0,221.0,7.0,854.0,614.0,28,28.122736293026463,1.416666667,Low
236.9,91.7,71.5,246.9,6.0,852.9,695.4,28,24.976509186889025,1.042211904,Low
313.3,0.0,113.0,178.5,8.0,1001.9,688.7,28,40.041697083390275,0.569741462,Medium
154.8,183.4,0.0,193.3,9.1,1047.4,696.7,28,23.953179927950778,1.24870801,Low
145.9,230.5,0.0,202.5,3.4,827.0,871.8,28,28.241657447941407,1.387936943,Medium
296.0,0.0,106.7,221.4,10.5,819.2,778.4,28,28.204550039554164,0.747972973,Medium
133.1,210.2,0.0,195.7,3.1,949.4,795.3,28,26.023154829277033,1.470323065,Low
313.3,145.0,0.0,178.5,8.0,867.2,824.0,28,46.83432639336737,0.569741462,Medium
151.6,0.0,111.9,184.4,7.9,992.0,815.9,28,15.088118574506415,1.216358839,Low
153.1,145.0,113.0,178.5,8.0,1001.9,688.7,28,28.573957089234582,1.165904637,Low
139.9,132.6,103.3,200.3,7.4,916.0,753.4,28,22.73645388668033,1.431736955,Medium
149.5,236.0,0.0,175.8,12.6,846.8,892.7,28,32.63153185222757,1.175919732,Medium
299.8,0.0,119.8,211.5,9.9,878.2,727.6,28,32.163340289978855,0.705470314,Low
153.1,145.0,113.0,178.5,8.0,867.2,824.0,28,30.610284092271442,1.165904637,Low
148.1,0.0,136.6,158.1,16.1,1001.8,830.1,28,21.61793004172592,1.067521945,Low
326.5,0.0,137.9,199.0,10.8,801.1,792.5,28,35.237853857015935,0.60949464,Medium
152.7,144.7,0.0,178.1,8.0,999.7,822.2,28,25.910059976276052,1.166339227,Low
261.9,110.5,86.1,195.4,5.0,895.2,732.6,28,37.451247777254615,0.746086292,Medium
158.4,0.0,194.9,219.7,11.0,897.7,712.9,28,11.585721922787949,1.386994949,Low
150.7,0.0,185.3,166.7,15.6,1074.5,678.0,28,20.73073692349164,1.106171201,Low
272.6,0.0,89.6,198.7,10.6,931.3,762.2,28,27.806072946320477,0.728906823,Medium
149.0,117.6,91.7,182.9,7.1,953.4,780.3,28,26.871271025007204,1.227516779,Low
143.0,169.4,142.7,190.7,8.4,967.4,643.5,28,31.164063012312532,1.333566434,Low
259.9,100.6,78.4,170.6,10.4,935.7,762.9,28,43.20146493053691,0.65640631,High
312.9,160.5,0.0,177.6,9.6,916.6,759.5,28,50.66713169905519,0.56759348,High
284.0,119.7,0.0,168.3,7.2,970.4,794.2,28,42.69015602126848,0.592605634,Medium
336.5,0.0,0.0,181.9,3.4,985.8,816.8,28,35.114850642680885,0.540564636,Medium
144.8,0.0,133.6,180.8,11.1,979.5,811.5,28,17.568051870390846,1.248618785,Low
150.0,236.8,0.0,173.8,11.9,1069.3,674.8,28,34.83780241135033,1.158666667,Medium
143.7,170.2,132.6,191.6,8.5,814.1,805.3,28,28.564574612672637,1.333333333,Low
330.5,169.6,0.0,194.9,8.1,811.0,802.3,28,50.54285300065735,0.589712557,High
154.8,0.0,142.8,193.3,9.1,1047.4,696.7,28,16.730633911494387,1.24870801,Low
154.8,183.4,0.0,193.3,9.1,877.2,867.7,28,23.028473194264897,1.24870801,Low
134.7,0.0,165.7,180.2,10.0,961.0,804.9,28,16.387767495298675,1.337787676,Low
266.2,112.3,87.5,177.9,10.4,909.7,744.5,28,44.32252943352917,0.668294515,Medium
314.0,145.3,113.2,178.9,8.0,869.1,690.2,28,52.43614545623002,0.569745223,High
312.7,144.7,0.0,127.3,8.0,999.7,822.2,28,52.822151624298726,0.407099456,Medium
145.7,172.6,0.0,181.9,3.4,985.8,816.8,28,25.410426129687153,1.248455731,Low
143.8,136.3,106.2,178.1,7.5,941.5,774.3,28,28.304424900034924,1.23852573,Low
148.1,0.0,182.1,181.4,15.0,838.9,884.3,28,13.578165848470222,1.224848076,Low
277.0,116.8,91.0,190.6,7.0,946.5,665.6,28,40.12659448977573,0.688086643,Medium
298.1,0.0,107.5,163.6,12.8,953.2,784.0,28,39.484719623080856,0.548809124,Medium
313.3,145.0,0.0,178.5,8.0,1001.9,688.7,28,45.43096638556977,0.569741462,Medium
155.2,183.9,143.2,193.8,9.2,879.6,698.5,28,32.25770715093293,1.24871134,Low
289.0,133.7,0.0,194.9,5.5,924.1,760.1,28,38.54438508187636,0.674394464,High
147.8,175.1,0.0,171.2,2.2,1000.0,828.5,28,27.020353328221994,1.158322057,Low
145.4,0.0,178.9,201.7,7.8,824.0,868.7,28,14.293487313963626,1.387207703,Low
312.7,0.0,0.0,178.1,8.0,999.7,822.2,28,32.95959902967194,0.569555484,Low
136.4,161.6,125.8,171.6,10.4,922.6,764.4,28,33.70090827563815,1.258064516,Low
154.8,0.0,142.8,193.3,9.1,877.2,867.7,28,14.195825477979403,1.24870801,Low
255.3,98.8,77.0,188.6,6.5,919.0,749.3,28,38.05755994125352,0.738738739,Medium
272.8,105.1,81.8,209.7,9.0,904.0,679.7,28,34.07693002630534,0.768695015,Medium
162.0,190.1,148.1,178.8,18.8,838.1,741.4,28,38.81229568301438,1.103703704,Medium
153.6,144.2,112.3,220.1,10.1,923.2,657.9,28,18.686663525211415,1.432942708,Low
146.5,114.6,89.3,201.9,8.8,860.0,829.5,28,20.175802808154252,1.378156997,Low
151.8,178.1,138.7,167.5,18.3,944.0,694.6,28,38.35751103629549,1.10342556,Medium
309.9,142.8,111.2,167.8,22.1,913.9,651.2,28,47.48340839238053,0.541464989,Medium
143.6,0.0,174.9,158.4,17.9,942.7,844.5,28,22.14306124148043,1.103064067,Low
303.6,139.9,0.0,213.5,6.2,895.5,722.5,28,35.1521212289867,0.703227931,Medium
374.3,0.0,0.0,190.2,6.7,1013.2,730.4,28,40.33252092893365,0.508148544,Medium
158.6,148.9,116.0,175.1,15.0,953.3,719.7,28,32.475302856401186,1.104035309,Low
152.6,238.7,0.0,200.0,6.3,1001.8,683.9,28,29.932374939299244,1.31061599,Low
310.0,142.8,0.0,167.9,10.0,914.3,804.0,28,49.72182389709414,0.541612903,Medium
304.8,0.0,99.6,196.0,9.8,959.4,705.2,28,34.62359449778356,0.643044619,Low
150.9,0.0,183.9,166.6,11.6,991.2,772.2,28,24.978459597622056,1.104042412,Low
141.9,166.6,129.7,173.5,10.9,882.6,785.3,28,36.33881705946053,1.222692037,Medium
297.8,137.2,106.9,201.3,6.0,878.4,655.3,28,42.35607939989143,0.675957018,High
321.3,164.2,0.0,190.5,4.6,870.0,774.0,28,46.01833564536754,0.592903828,High
366.0,187.0,0.0,191.3,6.6,824.3,756.9,28,58.62510299313843,0.522677596,High
279.8,128.9,100.4,172.4,9.5,825.1,804.9,28,50.38865824587906,0.616154396,High
252.1,97.1,75.6,193.8,8.3,835.5,821.4,28,35.790208877567146,0.768742562,Medium
164.6,0.0,150.4,181.6,11.7,1023.3,728.9,28,19.063840035358652,1.10328068,Low
155.6,243.5,0.0,180.3,10.7,1022.0,697.7,28,35.94977138609158,1.15874036,Medium
160.2,188.0,146.4,203.2,11.3,828.7,709.7,28,26.772778707895387,1.268414482,Medium
298.1,0.0,107.0,186.4,6.1,879.0,815.2,28,35.96093429567971,0.625293526,Medium
317.9,0.0,126.5,209.7,5.7,860.5,736.6,28,36.3348562260517,0.659641397,Medium
287.3,120.5,93.9,187.6,9.2,904.4,695.9,28,44.226256631627365,0.652975983,Medium
325.6,166.4,0.0,174.0,8.9,881.6,790.0,28,54.45561988035722,0.534398034,High
355.9,0.0,141.6,193.3,11.0,801.4,778.4,28,42.219668493592124,0.543130093,Medium
132.0,206.5,160.9,178.9,5.5,866.9,735.6,28,33.45705509262358,1.35530303,Medium
322.5,148.6,0.0,185.8,8.5,951.0,709.5,28,45.67102209893004,0.576124031,High
164.2,0.0,200.1,181.2,12.6,849.3,846.0,28,20.07380968386,1.103532278,Low
313.8,0.0,112.6,169.9,10.1,925.3,782.9,28,41.807672826574866,0.541427661,Medium
321.4,0.0,127.9,182.5,11.5,870.1,779.7,28,38.89618454554134,0.567828251,Medium
139.7,163.9,127.7,236.7,5.8,868.6,655.6,28,30.890409677506668,1.694345025,Medium
288.4,121.0,0.0,177.4,7.0,907.9,829.5,28,40.30279433520715,0.615117892,Medium
298.2,0.0,107.0,209.7,11.1,879.6,744.2,28,29.873980323469823,0.703219316,Medium
264.5,111.0,86.5,195.5,5.9,832.6,790.4,28,38.79180738519336,0.739130435,Medium
159.8,250.0,0.0,168.4,12.2,1049.3,688.2,28,40.72343607694371,1.053817272,Medium
166.0,259.7,0.0,183.2,12.7,858.8,826.8,28,38.63504664430779,1.103614458,Medium
276.4,116.0,90.3,179.6,8.9,870.1,768.3,28,45.72515515626718,0.649782923,Medium
322.2,0.0,115.6,196.0,10.4,817.9,813.4,28,34.703646158815616,0.608317815,Low
148.5,139.4,108.6,192.7,6.1,892.4,780.0,28,26.55894186982686,1.297643098,Low
159.1,186.7,0.0,175.6,11.3,989.6,788.9,28,31.85273866672747,1.10370836,Medium
260.9,100.5,78.3,200.6,8.6,864.5,761.5,28,35.36876379837628,0.768876964,Medium
375.0,0.0,0.0,198.75,0.0,1143.75,592.5,28,37.42553384517802,0.53,Medium
375.0,0.0,0.0,198.75,0.0,1143.75,592.5,56,43.299773347413705,0.53,Medium
375.0,0.0,0.0,198.75,0.0,1143.75,592.5,91,44.52,0.53,Medium
400.0,0.0,0.0,200.0,0.0,1128.0,572.0,28,40.3031433796109,0.5,Medium
400.0,0.0,0.0,200.0,0.0,1128.0,572.0,56,46.12947973152653,0.5,High
400.0,0.0,0.0,200.0,0.0,1128.0,572.0,91,51.97,0.5,High
400.0,0.0,0.0,212.0,0.0,1196.0,616.0,28,37.911388349442845,0.53,Medium
400.0,0.0,0.0,212.0,0.0,1196.0,616.0,56,43.42106638331571,0.53,Medium
400.0,0.0,0.0,212.0,0.0,1196.0,616.0,91,47.49,0.53,High
425.0,0.0,0.0,199.75,0.0,1096.5,544.0,28,43.58024052533368,0.47,High
425.0,0.0,0.0,199.75,0.0,1096.5,544.0,56,49.319555526388704,0.47,High
425.0,0.0,0.0,199.75,0.0,1096.5,544.0,91,54.27,0.47,High
425.0,0.0,0.0,208.25,0.0,1177.25,590.75,28,41.54687706323103,0.49,Medium
425.0,0.0,0.0,208.25,0.0,1177.25,590.75,56,47.260786344409766,0.49,High
425.0,0.0,0.0,208.25,0.0,1177.25,590.75,91,52.85,0.49,High
450.0,0.0,0.0,198.0,0.0,1057.5,513.0,28,47.63383932931569,0.44,High
450.0,0.0,0.0,198.0,0.0,1057.5,513.0,56,53.23208158027917,0.44,High
450.0,0.0,0.0,198.0,0.0,1057.5,513.0,91,58.04,0.44,High
450.0,0.0,0.0,211.5,0.0,1143.0,562.5,28,44.295433274312344,0.47,High
450.0,0.0,0.0,211.5,0.0,1143.0,562.5,56,49.82310629316961,0.47,High
450.0,0.0,0.0,211.5,0.0,1143.0,562.5,91,55.3,0.47,High
475.0,0.0,0.0,199.5,0.0,1040.25,498.75,28,51.0011296760466,0.42,High
475.0,0.0,0.0,199.5,0.0,1040.25,498.75,56,56.51481670342591,0.42,High
475.0,0.0,0.0,199.5,0.0,1040.25,498.75,91,60.15,0.42,High
475.0,0.0,0.0,209.0,0.0,1168.5,565.25,28,47.172678619316294,0.44,High
475.0,0.0,0.0,209.0,0.0,1168.5,565.25,56,52.856003490662076,0.44,High
475.0,0.0,0.0,209.0,0.0,1168.5,565.25,91,58.31,0.44,High
375.0,0.0,0.0,198.75,0.0,1143.75,592.5,28,37.42553384517802,0.53,Medium
375.0,0.0,0.0,198.75,0.0,1143.75,592.5,56,43.299773347413705,0.53,Medium
375.0,0.0,0.0,198.75,0.0,1143.75,592.5,91,47.55,0.53,High
400.0,0.0,0.0,200.0,0.0,1128.0,572.0,28,40.3031433796109,0.5,Medium
400.0,0.0,0.0,200.0,0.0,1128.0,572.0,56,46.12947973152653,0.5,High
400.0,0.0,0.0,200.0,0.0,1128.0,572.0,91,52.56,0.5,High
400.0,0.0,0.0,212.0,0.0,1196.0,616.0,28,37.911388349442845,0.53,Medium
400.0,0.0,0.0,212.0,0.0,1196.0,616.0,56,43.42106638331571,0.53,High
400.0,0.0,0.0,212.0,0.0,1196.0,616.0,91,51.07,0.53,High
425.0,0.0,0.0,199.75,0.0,1096.5,544.0,28,43.58024052533368,0.47,High
425.0,0.0,0.0,199.75,0.0,1096.5,544.0,56,49.319555526388704,0.47,High
425.0,0.0,0.0,199.75,0.0,1096.5,544.0,91,54.47,0.47,High
425.0,0.0,0.0,208.25,0.0,1177.25,590.75,28,41.54687706323103,0.49,Medium
425.0,0.0,0.0,208.25,0.0,1177.25,590.75,56,47.260786344409766,0.49,High
425.0,0.0,0.0,208.25,0.0,1177.25,590.75,91,53.09,0.49,High
425.0,0.0,0.0,216.75,0.0,1253.75,641.75,28,39.684888315751486,0.51,Medium
425.0,0.0,0.0,216.75,0.0,1253.75,641.75,56,45.06736745977278,0.51,High
425.0,0.0,0.0,216.75,0.0,1253.75,641.75,91,51.19,0.51,High
450.0,0.0,0.0,198.0,0.0,1057.5,513.0,28,47.63383932931569,0.44,High
450.0,0.0,0.0,198.0,0.0,1057.5,513.0,56,53.23208158027917,0.44,High
450.0,0.0,0.0,198.0,0.0,1057.5,513.0,91,59.19,0.44,High
450.0,0.0,0.0,211.5,0.0,1143.0,562.5,28,44.295433274312344,0.47,High
450.0,0.0,0.0,211.5,0.0,1143.0,562.5,56,49.82310629316961,0.47,High
450.0,0.0,0.0,211.5,0.0,1143.0,562.5,91,55.03,0.47,High
450.0,0.0,0.0,220.5,0.0,1228.5,616.5,28,42.33743779700879,0.49,High
450.0,0.0,0.0,220.5,0.0,1228.5,616.5,56,47.498671473367274,0.49,High
450.0,0.0,0.0,220.5,0.0,1228.5,616.5,91,53.67,0.49,High
475.0,0.0,0.0,199.5,0.0,1040.25,498.75,28,51.0011296760466,0.42,High
475.0,0.0,0.0,199.5,0.0,1040.25,498.75,56,56.51481670342591,0.42,High
475.0,0.0,0.0,199.5,0.0,1040.25,498.75,91,63.07,0.42,High
475.0,0.0,0.0,209.0,0.0,1168.5,565.25,28,47.172678619316294,0.44,High
475.0,0.0,0.0,209.0,0.0,1168.5,565.25,56,52.856003490662076,0.44,High
475.0,0.0,0.0,209.0,0.0,1168.5,565.25,91,62.57,0.44,High
475.0,0.0,0.0,218.5,0.0,1192.25,584.25,28,45.292509370712395,0.46,High
475.0,0.0,0.0,218.5,0.0,1192.25,584.25,56,50.56256576533356,0.46,High
475.0,0.0,0.0,218.5,0.0,1192.25,584.25,91,57.1,0.46,High
425.0,0.0,0.0,221.0,0.0,858.5,607.75,28,38.46852227352821,0.52,Medium
425.0,0.0,0.0,221.0,0.0,858.5,607.75,56,44.12372448137607,0.52,High
425.0,0.0,0.0,221.0,0.0,858.5,607.75,91,48.48,0.52,High
450.0,0.0,0.0,220.5,0.0,837.0,580.5,28,41.071358295290985,0.49,Medium
450.0,0.0,0.0,220.5,0.0,837.0,580.5,56,46.716902121795954,0.49,High
450.0,0.0,0.0,220.5,0.0,837.0,580.5,91,53.09,0.49,High
450.0,0.0,0.0,229.5,0.0,987.3645418326694,175.5,28,42.051173985963665,0.51,Medium
450.0,0.0,0.0,229.5,0.0,987.3645418326694,175.5,56,46.96994203214847,0.51,High
450.0,0.0,0.0,229.5,0.0,987.3645418326694,175.5,91,49.63,0.51,High
475.0,0.0,0.0,218.5,0.0,817.0,555.75,28,44.7514587371312,0.46,High
475.0,0.0,0.0,218.5,0.0,817.0,555.75,56,50.38604945019947,0.46,High
475.0,0.0,0.0,218.5,0.0,817.0,555.75,91,56.5,0.46,High
475.0,0.0,0.0,228.0,0.0,869.25,598.5,28,41.63234553511617,0.48,Medium
475.0,0.0,0.0,228.0,0.0,869.25,598.5,56,47.31976156497121,0.48,High
475.0,0.0,0.0,228.0,0.0,869.25,598.5,91,53.63,0.48,High
350.0,0.0,0.0,178.5,0.0,1141.0,486.5,28,40.29581094279004,0.51,Medium
350.0,0.0,0.0,178.5,0.0,1141.0,486.5,56,45.72239433509663,0.51,Medium
350.0,0.0,0.0,178.5,0.0,1141.0,486.5,91,46.13,0.51,High
350.0,0.0,0.0,189.0,0.0,1197.0,521.5,28,36.87773274211051,0.54,Medium
350.0,0.0,0.0,189.0,0.0,1197.0,521.5,56,42.52739986892943,0.54,Medium
350.0,0.0,0.0,189.0,0.0,1197.0,521.5,91,43.92,0.54,Medium
375.0,0.0,0.0,180.0,0.0,1121.25,468.75,28,43.071990036930444,0.48,Medium
375.0,0.0,0.0,180.0,0.0,1121.25,468.75,56,48.33607890392366,0.48,High
375.0,0.0,0.0,180.0,0.0,1121.25,468.75,91,52.23,0.48,High
375.0,0.0,0.0,191.25,0.0,1196.25,506.25,28,40.277784765819945,0.51,Medium
375.0,0.0,0.0,191.25,0.0,1196.25,506.25,56,45.79974233999319,0.51,Medium
375.0,0.0,0.0,191.25,0.0,1196.25,506.25,91,46.42,0.51,High
400.0,0.0,0.0,180.0,0.0,1080.0,440.0,28,46.40144377256278,0.45,High
400.0,0.0,0.0,180.0,0.0,1080.0,440.0,56,51.38575061254984,0.45,High
400.0,0.0,0.0,180.0,0.0,1080.0,440.0,91,55.51,0.45,High
400.0,0.0,0.0,192.0,0.0,1168.0,484.0,28,43.33535395219597,0.48,Medium
400.0,0.0,0.0,192.0,0.0,1168.0,484.0,56,48.729717964362266,0.48,High
400.0,0.0,0.0,192.0,0.0,1168.0,484.0,91,53.85,0.48,High
425.0,0.0,0.0,178.5,0.0,1049.75,416.5,28,50.7811958438531,0.42,High
425.0,0.0,0.0,178.5,0.0,1049.75,416.5,56,55.47226683052576,0.42,High
425.0,0.0,0.0,178.5,0.0,1049.75,416.5,91,59.5,0.42,High
425.0,0.0,0.0,191.25,0.0,1139.0,463.25,28,46.714169648772106,0.45,High
425.0,0.0,0.0,191.25,0.0,1139.0,463.25,56,51.97690902190412,0.45,High
425.0,0.0,0.0,191.25,0.0,1139.0,463.25,91,57.35,0.45,High
450.0,0.0,0.0,189.0,0.0,1102.5,441.0,28,50.83157369452557,0.42,High
450.0,0.0,0.0,189.0,0.0,1102.5,441.0,56,55.914717001182666,0.42,High
450.0,0.0,0.0,189.0,0.0,1102.5,441.0,91,59.89,0.42,High
350.0,0.0,0.0,189.0,0.0,1197.0,521.5,28,36.87773274211051,0.54,Medium
350.0,0.0,0.0,189.0,0.0,1197.0,521.5,56,42.52739986892943,0.54,Medium
350.0,0.0,0.0,189.0,0.0,1197.0,521.5,91,46.55,0.54,High
375.0,0.0,0.0,191.25,0.0,1196.25,506.25,28,40.277784765819945,0.51,Medium
375.0,0.0,0.0,191.25,0.0,1196.25,506.25,56,45.79974233999319,0.51,High
375.0,0.0,0.0,191.25,0.0,1196.25,506.25,91,50.04,0.51,High
400.0,0.0,0.0,192.0,0.0,1168.0,484.0,28,43.33535395219597,0.48,High
400.0,0.0,0.0,192.0,0.0,1168.0,484.0,56,48.729717964362266,0.48,High
400.0,0.0,0.0,192.0,0.0,1168.0,484.0,91,53.07,0.48,High
425.0,0.0,0.0,191.25,0.0,1139.0,463.25,28,46.714169648772106,0.45,High
425.0,0.0,0.0,191.25,0.0,1139.0,463.25,56,51.97690902190412,0.45,High
425.0,0.0,0.0,191.25,0.0,1139.0,463.25,91,58.32,0.45,High
450.0,0.0,0.0,189.0,0.0,1102.5,441.0,28,50.83157369452557,0.42,High
450.0,0.0,0.0,189.0,0.0,1102.5,441.0,56,55.914717001182666,0.42,High
450.0,0.0,0.0,189.0,0.0,1102.5,441.0,91,62.28,0.42,High
375.0,0.0,0.0,198.75,0.0,903.75,551.25,28,39.295968726069596,0.53,Medium
375.0,0.0,0.0,198.75,0.0,903.75,551.25,56,44.77188919253676,0.53,Medium
375.0,0.0,0.0,198.75,0.0,903.75,551.25,91,46.63,0.53,High
400.0,0.0,0.0,200.0,0.0,884.0,528.0,28,41.43450349039895,0.5,Medium
400.0,0.0,0.0,200.0,0.0,884.0,528.0,56,46.80338070547089,0.5,High
400.0,0.0,0.0,200.0,0.0,884.0,528.0,91,52.55,0.5,High
400.0,0.0,0.0,212.0,0.0,944.0,576.0,28,38.54975092638973,0.53,Medium
400.0,0.0,0.0,212.0,0.0,944.0,576.0,56,44.17354068177825,0.53,High
400.0,0.0,0.0,212.0,0.0,944.0,576.0,91,48.17,0.53,High
425.0,0.0,0.0,199.75,0.0,862.75,505.75,28,44.28348734116898,0.47,High
425.0,0.0,0.0,199.75,0.0,862.75,505.75,56,49.52569169228065,0.47,High
425.0,0.0,0.0,199.75,0.0,862.75,505.75,91,54.77,0.47,High
425.0,0.0,0.0,208.25,0.0,926.5,548.25,28,41.43016357236384,0.49,Medium
425.0,0.0,0.0,208.25,0.0,926.5,548.25,56,47.036739729858645,0.49,High
425.0,0.0,0.0,208.25,0.0,926.5,548.25,91,52.75,0.49,High
450.0,0.0,0.0,198.0,0.0,837.0,481.5,28,48.510069699428186,0.44,High
450.0,0.0,0.0,198.0,0.0,837.0,481.5,56,53.561672537750134,0.44,High
450.0,0.0,0.0,198.0,0.0,837.0,481.5,91,59.05,0.44,High
450.0,0.0,0.0,211.5,0.0,900.0,526.5,28,44.11397768807426,0.47,High
450.0,0.0,0.0,211.5,0.0,900.0,526.5,56,49.62273280362742,0.47,High
450.0,0.0,0.0,211.5,0.0,900.0,526.5,91,55.61,0.47,High
475.0,0.0,0.0,199.5,0.0,798.0,451.25,28,52.54593354588226,0.42,High
475.0,0.0,0.0,199.5,0.0,798.0,451.25,56,57.391382112243946,0.42,High
475.0,0.0,0.0,199.5,0.0,798.0,451.25,91,61.11,0.42,High
475.0,0.0,0.0,209.0,0.0,874.0,503.5,28,48.62207594139919,0.44,High
475.0,0.0,0.0,209.0,0.0,874.0,503.5,56,54.04534547936905,0.44,High
475.0,0.0,0.0,209.0,0.0,874.0,503.5,91,59.51,0.44,High
400.0,0.0,60.0,180.0,0.0,1080.0,500.0,28,43.981208918379565,0.45,Medium
400.0,0.0,60.0,180.0,0.0,1080.0,500.0,56,49.8225815701199,0.45,High
400.0,0.0,60.0,180.0,0.0,1080.0,500.0,91,52.2,0.45,High
425.0,0.0,63.75,178.5,0.0,1045.5,480.25,28,47.620150056138314,0.42,Medium
425.0,0.0,63.75,178.5,0.0,1045.5,480.25,56,53.23088366740853,0.42,High
425.0,0.0,63.75,178.5,0.0,1045.5,480.25,91,55.75,0.42,High
425.0,0.0,63.75,191.25,0.0,1139.0,527.0,28,45.0848702404662,0.45,Medium
425.0,0.0,63.75,191.25,0.0,1139.0,527.0,56,51.29865725761734,0.45,High
425.0,0.0,63.75,191.25,0.0,1139.0,527.0,91,52.69,0.45,High
425.0,0.0,63.75,199.75,0.0,1096.5,607.75,28,40.13512402913906,0.47,Medium
425.0,0.0,63.75,199.75,0.0,1096.5,607.75,56,47.09301437368373,0.47,Medium
425.0,0.0,63.75,199.75,0.0,1096.5,607.75,91,50.42,0.47,High
450.0,0.0,67.5,189.0,0.0,1102.5,508.5,28,48.33905875436622,0.42,High
450.0,0.0,67.5,189.0,0.0,1102.5,508.5,56,54.43973128041229,0.42,High
450.0,0.0,67.5,189.0,0.0,1102.5,508.5,91,56.51,0.42,High
450.0,0.0,67.5,198.0,0.0,1057.5,580.5,28,44.18742572086717,0.44,Medium
450.0,0.0,67.5,198.0,0.0,1057.5,580.5,56,51.0612939606717,0.44,High
450.0,0.0,67.5,198.0,0.0,1057.5,580.5,91,53.11,0.44,High
450.0,0.0,67.5,211.5,0.0,1143.0,630.0,28,41.50048533513815,0.47,Medium
450.0,0.0,67.5,211.5,0.0,1143.0,630.0,56,48.358514430355164,0.47,Medium
450.0,0.0,67.5,211.5,0.0,1143.0,630.0,91,51.07,0.47,High
475.0,0.0,71.25,199.5,0.0,1040.25,570.0,28,47.25649867071531,0.42,High
475.0,0.0,71.25,199.5,0.0,1040.25,570.0,56,54.09747074944043,0.42,High
475.0,0.0,71.25,199.5,0.0,1040.25,570.0,91,57.7,0.42,High
475.0,0.0,71.25,209.0,0.0,1168.5,636.5,28,42.80477480757898,0.44,Medium
475.0,0.0,71.25,209.0,0.0,1168.5,636.5,56,49.97408986049005,0.44,High
475.0,0.0,71.25,209.0,0.0,1168.5,636.5,91,53.79,0.44,High
425.0,0.0,63.75,191.25,0.0,1139.0,527.0,28,45.0848702404662,0.45,Medium
425.0,0.0,63.75,191.25,0.0,1139.0,527.0,56,51.29865725761734,0.45,High
425.0,0.0,63.75,191.25,0.0,1139.0,527.0,91,53.39,0.45,High
425.0,0.0,63.75,199.75,0.0,1096.5,607.75,28,40.13512402913906,0.47,Medium
425.0,0.0,63.75,199.75,0.0,1096.5,607.75,56,47.09301437368373,0.47,Medium
425.0,0.0,63.75,199.75,0.0,1096.5,607.75,91,50.5,0.47,High
450.0,0.0,67.5,189.0,0.0,1102.5,508.5,28,48.33905875436622,0.42,High
450.0,0.0,67.5,189.0,0.0,1102.5,508.5,56,54.43973128041229,0.42,High
450.0,0.0,67.5,189.0,0.0,1102.5,508.5,91,57.17,0.42,High
450.0,0.0,67.5,198.0,0.0,1057.5,580.5,28,44.18742572086717,0.44,Medium
450.0,0.0,67.5,198.0,0.0,1057.5,580.5,56,51.0612939606717,0.44,High
450.0,0.0,67.5,198.0,0.0,1057.5,580.5,91,53.67,0.44,High
450.0,0.0,67.5,211.5,0.0,1143.0,630.0,28,41.50048533513815,0.47,Medium
450.0,0.0,67.5,211.5,0.0,1143.0,630.0,56,48.358514430355164,0.47,Medium
450.0,0.0,67.5,211.5,0.0,1143.0,630.0,91,51.62,0.47,High
450.0,0.0,67.5,220.5,0.0,1228.5,684.0,28,38.68971184031369,0.49,Medium
450.0,0.0,67.5,220.5,0.0,1228.5,684.0,56,45.29136721714978,0.49,Medium
450.0,0.0,67.5,220.5,0.0,1228.5,684.0,91,48.08,0.49,High
475.0,0.0,71.25,199.5,0.0,1040.25,570.0,28,47.25649867071531,0.42,High
475.0,0.0,71.25,199.5,0.0,1040.25,570.0,56,54.09747074944043,0.42,High
475.0,0.0,71.25,199.5,0.0,1040.25,570.0,91,58.19,0.42,High
475.0,0.0,71.25,209.0,0.0,1168.5,636.5,28,42.80477480757898,0.44,Medium
475.0,0.0,71.25,209.0,0.0,1168.5,636.5,56,49.97408986049005,0.44,High
475.0,0.0,71.25,209.0,0.0,1168.5,636.5,91,54.12,0.44,High
475.0,0.0,71.25,218.5,0.0,1192.25,655.5,28,42.70686080621038,0.46,Medium
475.0,0.0,71.25,218.5,0.0,1192.25,655.5,56,49.469109439400796,0.46,High
475.0,0.0,71.25,218.5,0.0,1192.25,655.5,91,52.1,0.46,High
425.0,0.0,63.75,199.75,0.0,862.75,569.5,28,42.14828705812915,0.47,Medium
425.0,0.0,63.75,199.75,0.0,862.75,569.5,56,48.57667530888186,0.47,Medium
425.0,0.0,63.75,199.75,0.0,862.75,569.5,91,50.5,0.47,High
450.0,0.0,67.5,198.0,0.0,837.0,549.0,28,45.5338049523879,0.44,Medium
450.0,0.0,67.5,198.0,0.0,837.0,549.0,56,51.84814600365292,0.44,High
450.0,0.0,67.5,198.0,0.0,837.0,549.0,91,53.62,0.44,High
450.0,0.0,67.5,211.5,0.0,900.0,594.0,28,40.81618629441989,0.47,Medium
450.0,0.0,67.5,211.5,0.0,900.0,594.0,56,47.63563260271922,0.47,Medium
450.0,0.0,67.5,211.5,0.0,900.0,594.0,91,51.42,0.47,High
450.0,0.0,67.5,220.5,0.0,837.0,648.0,28,37.83584682638695,0.49,Medium
450.0,0.0,67.5,220.5,0.0,837.0,648.0,56,44.98358386540107,0.49,Medium
450.0,0.0,67.5,220.5,0.0,837.0,648.0,91,47.3,0.49,High
450.0,0.0,67.5,229.5,0.0,891.0,693.0,28,34.67822861349551,0.51,Medium
450.0,0.0,67.5,229.5,0.0,891.0,693.0,56,41.89142706458182,0.51,Medium
450.0,0.0,67.5,229.5,0.0,891.0,693.0,91,46.11,0.51,High
475.0,0.0,71.25,199.5,0.0,798.0,522.5,28,47.76103040898873,0.42,High
475.0,0.0,71.25,199.5,0.0,798.0,522.5,56,53.86100556069091,0.42,High
475.0,0.0,71.25,199.5,0.0,798.0,522.5,91,57.82,0.42,High
475.0,0.0,71.25,209.0,0.0,874.0,574.75,28,44.73790502372486,0.44,Medium
475.0,0.0,71.25,209.0,0.0,874.0,574.75,56,51.54075491042481,0.44,High
475.0,0.0,71.25,209.0,0.0,874.0,574.75,91,54.38,0.44,High
475.0,0.0,71.25,218.5,0.0,817.0,627.0,28,41.11649713404161,0.46,Medium
475.0,0.0,71.25,218.5,0.0,817.0,627.0,56,48.3327111033164,0.46,Medium
475.0,0.0,71.25,218.5,0.0,817.0,627.0,91,52.39,0.46,High
475.0,0.0,71.25,228.0,0.0,869.25,669.75,28,37.49548173919554,0.48,Medium
475.0,0.0,71.25,228.0,0.0,869.25,669.75,56,44.86072280271529,0.48,Medium
475.0,0.0,71.25,228.0,0.0,869.25,669.75,91,48.55,0.48,High
